Year,Term,Course,Num,Building,Professor,Days,Num_Seats,Enrolled,StartTime,EndTime,
2008,summer,CSC100,A01,,,,60,18,,,
2008,summer,CSC105,A01,,,,60,26,,,
2008,summer,CSC110,A01,,,,80,20,,,
2008,summer,CSC115,A01,,,,80,21,,,
2008,summer,CSC167,A01,,,,30,12,,,
2008,summer,CSC225,A01,,,,40,17,,,
2008,summer,CSC225,A02,,,,20,8,,,
2008,summer,CSC230,A01,,,,60,18,,,
2008,summer,CSC305,A01,,,,48,11,,,
2008,summer,CSC320,A01,,,,60,16,,,
2008,summer,CSC360,A01,,,,60,24,,,
2008,summer,CSC370,A01,,,,50,21,,,
2008,summer,CSC370,A02,,,,10,2,,,
2008,summer,CSC450,A01,,,,10,9,,,
2008,summer,CSC450,A02,,,,20,12,,,
2008,summer,CSC485A,A01,,,,20,19,,,
2008,summer,CSC485B,A01,,,,15,10,,,
2008,summer,CSC485C,A01,,,,15,11,,,
2008,summer,CSC485D,A01,,,,12,9,,,
2008,summer,CSC581A,A01,,,,10,6,,,
2008,summer,CSC586B,A01,,,,10,4,,,
2008,summer,CSC586C,A01,,,,10,2,,,
2008,summer,CSC586D,A01,,,,10,2,,,
2008,summer,CSC586E,A01,,,,10,11,,,
2008,summer,CSC598,A01,,,,100,3,,,
2008,summer,CSC598,A02,,,,100,3,,,
2008,summer,CSC599,A01,,,,100,44,,,
2008,summer,CSC599,A02,,,,100,7,,,
2008,summer,CSC699,A01,,,,75,36,,,
2008,summer,CSC699,A02,,,,100,4,,,
2008,summer,SENG265,A01,,,,60,25,,,
2008,summer,SENG271,A01,,,,30,3,,,
2008,summer,SENG271,A02,,,,30,18,,,
2008,summer,SENG310,A01,,,,30,7,,,
2008,summer,SENG310,A02,,,,30,12,,,
2008,summer,SENG321,A01,,,,30,9,,,
2008,summer,SENG321,A02,,,,30,7,,,
2008,summer,SENG330,A01,,,,50,16,,,
2008,summer,SENG330,A02,,,,10,1,,,
2008,summer,SENG401,A01,,,,60,34,,,
2008,summer,SENG422,A01,,,,30,18,,,
2008,summer,SENG422,A02,,,,30,2,,,
2008,summer,SENG426,A01,,,,30,10,,,
2008,summer,SENG426,A02,,,,30,0,,,
2008,summer,SENG440,A01,,,,30,24,,,
2008,summer,SENG440,A02,,,,30,8,,,
2008,summer,SENG480C,A01,,,,10,7,,,
2008,summer,SENG480D,A01,,,,10,7,,,
2008,summer,SENG499,A01,,,,10,4,,,
2008,fall,CSC100,A01,,,,300,148,,,
2008,fall,CSC100,A02,,,,250,93,,,
2008,fall,CSC105,A01,,,,300,197,,,
2008,fall,CSC110,A01,,,,150,89,,,
2008,fall,CSC110,A02,,,,150,134,,,
2008,fall,CSC111,A01,,,,50,15,,,
2008,fall,CSC111,A02,,,,250,192,,,
2008,fall,CSC115,A01,,,,120,32,,,
2008,fall,CSC167,A01,,,,100,86,,,
2008,fall,CSC212,A01,,,,150,36,,,
2008,fall,CSC225,A01,,,,120,45,,,
2008,fall,CSC230,A01,,,,110,48,,,
2008,fall,CSC230,A02,,,,40,12,,,
2008,fall,CSC242,A01,,,,8,6,,,
2008,fall,CSC305,A01,,,,60,16,,,
2008,fall,CSC320,A01,,,,45,28,,,
2008,fall,CSC320,A02,,,,15,4,,,
2008,fall,CSC330,A01,,,,60,35,,,
2008,fall,CSC340,A01,,,,60,37,,,
2008,fall,CSC349A,A01,,,,60,50,,,
2008,fall,CSC355,A01,,,,72,34,,,
2008,fall,CSC360,A01,,,,60,35,,,
2008,fall,CSC360,A02,,,,20,12,,,
2008,fall,CSC361,A01,,,,60,32,,,
2008,fall,CSC370,A01,,,,45,27,,,
2008,fall,CSC370,A02,,,,15,5,,,
2008,fall,CSC375,A01,,,,48,20,,,
2008,fall,CSC425,A01,,,,30,1,,,
2008,fall,CSC428,A01,,,,30,10,,,
2008,fall,CSC435,A01,,,,30,11,,,
2008,fall,CSC446,A01,,,,30,11,,,
2008,fall,CSC449,A01,,,,5,4,,,
2008,fall,CSC460,A01,,,,30,8,,,
2008,fall,CSC482A,A01,,,,20,3,,,
2008,fall,CSC484A,A01,,,,20,4,,,
2008,fall,CSC485A,A01,,,,10,7,,,
2008,fall,CSC485C,A01,,,,7,6,,,
2008,fall,CSC485E,A01,,,,12,7,,,
2008,fall,CSC520,A01,,,,10,3,,,
2008,fall,CSC540,A01,,,,20,10,,,
2008,fall,CSC546,A01,,,,10,8,,,
2008,fall,CSC560,A01,,,,10,1,,,
2008,fall,CSC571,A01,,,,12,11,,,
2008,fall,CSC578A,A01,,,,5,2,,,
2008,fall,CSC582A,A01,,,,10,5,,,
2008,fall,CSC583A,A01,,,,10,7,,,
2008,fall,CSC586C,A01,,,,10,6,,,
2008,fall,CSC589A,A01,,,,10,5,,,
2008,fall,CSC589B,A01,,,,10,8,,,
2008,fall,CSC595,A01,,,,20,16,,,
2008,fall,CSC598,A01,,,,75,0,,,
2008,fall,CSC598,A02,,,,75,1,,,
2008,fall,CSC598,A03,,,,75,3,,,
2008,fall,CSC598,A04,,,,75,1,,,
2008,fall,CSC599,A01,,,,75,37,,,
2008,fall,CSC599,A02,,,,75,12,,,
2008,fall,CSC699,A01,,,,75,20,,,
2008,fall,CSC699,A02,,,,75,2,,,
2008,fall,CSC699,A03,,,,75,22,,,
2008,fall,CSC699,A04,,,,75,1,,,
2008,fall,SENG265,A01,,,,100,41,,,
2008,fall,SENG265,A02,,,,40,13,,,
2008,fall,SENG330,A01,,,,40,20,,,
2008,fall,SENG330,A02,,,,20,2,,,
2008,fall,SENG360,A01,,,,45,5,,,
2008,fall,SENG360,A02,,,,15,8,,,
2008,fall,SENG371,A01,,,,45,1,,,
2008,fall,SENG371,A02,,,,15,8,,,
2008,fall,SENG450,A01,,,,50,13,,,
2008,fall,SENG480A,A01,,,,20,4,,,
2008,fall,SENG480C,A01,,,,8,7,,,
2009,spring,CSC100,A01,,,,200,85,,,
2009,spring,CSC100,A02,,,,200,126,,,
2009,spring,CSC105,A01,,,,300,199,,,
2009,spring,CSC110,A01,,,,160,110,,,
2009,spring,CSC115,A01,,,,250,112,,,
2009,spring,CSC115,A02,,,,250,162,,,
2009,spring,CSC212,A01,,,,150,85,,,
2009,spring,CSC225,A01,,,,80,34,,,
2009,spring,CSC225,A02,,,,60,24,,,
2009,spring,CSC230,A01,,,,120,47,,,
2009,spring,CSC320,A01,,,,60,36,,,
2009,spring,CSC326,A01,,,,60,9,,,
2009,spring,CSC330,A01,,,,60,39,,,
2009,spring,CSC340,A01,,,,60,26,,,
2009,spring,CSC349A,A01,,,,15,3,,,
2009,spring,CSC349A,A02,,,,180,134,,,
2009,spring,CSC350,A01,,,,45,10,,,
2009,spring,CSC355,A01,,,,42,37,,,
2009,spring,CSC355,A02,,,,30,15,,,
2009,spring,CSC360,A01,,,,50,44,,,
2009,spring,CSC360,A02,,,,30,10,,,
2009,spring,CSC361,A01,,,,60,16,,,
2009,spring,CSC370,A01,,,,55,41,,,
2009,spring,CSC370,A02,,,,25,2,,,
2009,spring,CSC421,A01,,,,55,49,,,
2009,spring,CSC426,A01,,,,30,8,,,
2009,spring,CSC429,A01,,,,30,15,,,
2009,spring,CSC454,A01,,,,30,16,,,
2009,spring,CSC461,A01,,,,25,11,,,
2009,spring,CSC462,A01,,,,12,10,,,
2009,spring,CSC464,A01,,,,30,13,,,
2009,spring,CSC466,A01,,,,30,9,,,
2009,spring,CSC467,A01,,,,30,7,,,
2009,spring,CSC482B,A01,,,,12,2,,,
2009,spring,CSC485B,A01,,,,10,10,,,
2009,spring,CSC499,A01,,,,100,0,,,
2009,spring,CSC526,A01,,,,10,2,,,
2009,spring,CSC554,A01,,,,10,5,,,
2009,spring,CSC561,A01,,,,10,6,,,
2009,spring,CSC562,A01,,,,8,4,,,
2009,spring,CSC578B,A01,,,,12,2,,,
2009,spring,CSC578C,A01,,,,5,4,,,
2009,spring,CSC582B,A01,,,,12,10,,,
2009,spring,CSC582D,A01,,,,10,6,,,
2009,spring,CSC586A,A01,,,,10,2,,,
2009,spring,CSC586B,A01,,,,10,9,,,
2009,spring,CSC586E,A01,,,,12,7,,,
2009,spring,CSC595,A01,,,,20,12,,,
2009,spring,CSC598,A01,,,,75,0,,,
2009,spring,CSC598,A02,,,,75,1,,,
2009,spring,CSC598,A03,,,,75,2,,,
2009,spring,CSC598,A04,,,,75,1,,,
2009,spring,CSC599,A01,,,,75,26,,,
2009,spring,CSC599,A02,,,,75,5,,,
2009,spring,CSC599,A03,,,,75,10,,,
2009,spring,CSC599,A04,,,,75,3,,,
2009,spring,CSC699,A01,,,,75,20,,,
2009,spring,CSC699,A02,,,,75,2,,,
2009,spring,CSC699,A03,,,,75,27,,,
2009,spring,CSC699,A04,,,,75,2,,,
2009,spring,SENG265,A01,,,,100,41,,,
2009,spring,SENG265,A02,,,,30,2,,,
2009,spring,SENG310,A01,,,,60,35,,,
2009,spring,SENG321,A01,,,,30,15,,,
2009,spring,SENG321,A02,,,,30,18,,,
2009,spring,SENG380,A01,,,,54,19,,,
2009,spring,SENG401,A01,,,,45,13,,,
2009,spring,SENG401,A02,,,,15,6,,,
2009,spring,SENG426,A01,,,,20,0,,,
2009,spring,SENG426,A02,,,,20,10,,,
2009,spring,SENG426,A03,,,,20,10,,,
2009,spring,SENG462,A01,,,,20,4,,,
2009,spring,SENG462,A02,,,,20,2,,,
2009,spring,SENG462,A03,,,,20,4,,,
2009,spring,SENG466,A01,,,,6,1,,,
2009,spring,SENG466,A02,,,,12,11,,,
2009,spring,SENG474,A01,,,,40,22,,,
2009,spring,SENG499,A01,,,,20,10,,,
2009,summer,CSC100,A01,,,,60,24,,,
2009,summer,CSC105,A01,,,,60,28,,,
2009,summer,CSC110,A01,,,,80,25,,,
2009,summer,CSC115,A01,,,,80,26,,,
2009,summer,CSC167,A01,,,,25,10,,,
2009,summer,CSC225,A01,,,,40,16,,,
2009,summer,CSC225,A02,,,,20,8,,,
2009,summer,CSC230,A01,,,,60,21,,,
2009,summer,CSC305,A01,,,,48,21,,,
2009,summer,CSC320,A01,,,,60,23,,,
2009,summer,CSC360,A01,,,,60,26,,,
2009,summer,CSC445,A01,,,,10,6,,,
2009,summer,CSC460,A01,,,,20,6,,,
2009,summer,CSC471,A01,,,,20,4,,,
2009,summer,CSC545,A01,,,,10,6,,,
2009,summer,CSC560,A01,,,,10,7,,,
2009,summer,CSC578A,A01,,,,10,3,,,
2009,summer,CSC582A,A01,,,,5,0,,,
2009,summer,CSC586A,A01,,,,5,4,,,
2009,summer,CSC598,A01,,,,100,5,,,
2009,summer,CSC598,A02,,,,100,2,,,
2009,summer,CSC599,A01,,,,100,41,,,
2009,summer,CSC599,A02,,,,100,8,,,
2009,summer,CSC699,A01,,,,100,47,,,
2009,summer,CSC699,A02,,,,100,5,,,
2009,summer,SENG265,A01,,,,60,22,,,
2009,summer,SENG271,A01,,,,30,10,,,
2009,summer,SENG271,A02,,,,30,15,,,
2009,summer,SENG310,A01,,,,30,20,,,
2009,summer,SENG310,A02,,,,30,10,,,
2009,summer,SENG321,A01,,,,30,6,,,
2009,summer,SENG321,A02,,,,30,11,,,
2009,summer,SENG401,A01,,,,60,22,,,
2009,summer,SENG422,A01,,,,30,12,,,
2009,summer,SENG422,A02,,,,30,4,,,
2009,summer,SENG426,A01,,,,30,8,,,
2009,summer,SENG426,A02,,,,30,2,,,
2009,summer,SENG440,A01,,,,30,18,,,
2009,summer,SENG440,A02,,,,30,3,,,
2009,summer,SENG499,A01,,,,10,4,,,
2009,fall,CSC100,A01,,,,300,177,,,
2009,fall,CSC100,A02,,,,250,123,,,
2009,fall,CSC105,A01,,,,300,241,,,
2009,fall,CSC110,A01,,,,160,116,,,
2009,fall,CSC110,A02,,,,160,133,,,
2009,fall,CSC111,A01,,,,50,20,,,
2009,fall,CSC111,A02,,,,250,214,,,
2009,fall,CSC115,A01,,,,120,47,,,
2009,fall,CSC167,A01,,,,120,114,,,
2009,fall,CSC212,A01,,,,150,41,,,
2009,fall,CSC225,A01,,,,120,33,,,
2009,fall,CSC230,A01,,,,110,42,,,
2009,fall,CSC230,A02,,,,40,25,,,
2009,fall,CSC242,A01,,,,8,6,,,
2009,fall,CSC305,A01,,,,60,19,,,
2009,fall,CSC320,A01,,,,45,16,,,
2009,fall,CSC320,A02,,,,15,11,,,
2009,fall,CSC322,A01,,,,40,15,,,
2009,fall,CSC330,A01,,,,60,34,,,
2009,fall,CSC340,A01,,,,60,31,,,
2009,fall,CSC349A,A01,,,,60,28,,,
2009,fall,CSC355,A01,,,,72,25,,,
2009,fall,CSC360,A01,,,,60,30,,,
2009,fall,CSC360,A02,,,,20,10,,,
2009,fall,CSC361,A01,,,,60,42,,,
2009,fall,CSC370,A01,,,,45,36,,,
2009,fall,CSC370,A02,,,,15,15,,,
2009,fall,CSC375,A01,,,,50,51,,,
2009,fall,CSC429,A01,,,,30,28,,,
2009,fall,CSC435,A01,,,,15,14,,,
2009,fall,CSC446,A01,,,,20,7,,,
2009,fall,CSC462,A01,,,,20,6,,,
2009,fall,CSC475,A01,,,,20,18,,,
2009,fall,CSC523,A01,,,,20,7,,,
2009,fall,CSC528,A01,,,,10,7,,,
2009,fall,CSC546,A01,,,,10,6,,,
2009,fall,CSC551,A01,,,,10,16,,,
2009,fall,CSC562,A01,,,,10,6,,,
2009,fall,CSC571,A01,,,,13,11,,,
2009,fall,CSC595,A01,,,,20,17,,,
2009,fall,CSC598,A01,,,,100,5,,,
2009,fall,CSC598,A02,,,,100,1,,,
2009,fall,CSC599,A01,,,,100,29,,,
2009,fall,CSC599,A02,,,,100,11,,,
2009,fall,CSC699,A01,,,,100,50,,,
2009,fall,CSC699,A02,,,,100,7,,,
2009,fall,SENG265,A01,,,,100,47,,,
2009,fall,SENG265,A02,,,,40,24,,,
2009,fall,SENG330,A01,,,,40,22,,,
2009,fall,SENG330,A02,,,,20,11,,,
2009,fall,SENG360,A01,,,,40,11,,,
2009,fall,SENG360,A02,,,,20,18,,,
2009,fall,SENG435,A01,,,,10,10,,,
2009,fall,SENG450,A01,,,,50,13,,,
2009,fall,SENG460,A01,,,,20,6,,,
2009,fall,SENG460,A02,,,,5,2,,,
2009,fall,SENG461,A01,,,,20,6,,,
2009,fall,SENG461,A02,,,,5,1,,,
2009,fall,SENG480A,A01,,,,15,1,,,
2009,fall,SENG499,A01,,,,6,0,,,
2010,spring,CSC100,A01,,,,200,92,,,
2010,spring,CSC100,A02,,,,200,118,,,
2010,spring,CSC105,A01,,,,300,234,,,
2010,spring,CSC110,A01,,,,150,81,,,
2010,spring,CSC110,A02,,,,60,16,,,
2010,spring,CSC115,A01,,,,250,162,,,
2010,spring,CSC115,A02,,,,250,167,,,
2010,spring,CSC205,A01,,,,60,19,,,
2010,spring,CSC212,A01,,,,150,82,,,
2010,spring,CSC225,A01,,,,80,45,,,
2010,spring,CSC225,A02,,,,60,23,,,
2010,spring,CSC230,A01,,,,120,45,,,
2010,spring,CSC320,A01,,,,60,30,,,
2010,spring,CSC326,A01,,,,60,6,,,
2010,spring,CSC330,A01,,,,60,31,,,
2010,spring,CSC340,A01,,,,60,22,,,
2010,spring,CSC349A,A01,,,,15,9,,,
2010,spring,CSC349A,A02,,,,180,135,,,
2010,spring,CSC350,A01,,,,50,24,,,
2010,spring,CSC355,A01,,,,42,34,,,
2010,spring,CSC355,A02,,,,30,3,,,
2010,spring,CSC360,A01,,,,50,25,,,
2010,spring,CSC360,A02,,,,30,10,,,
2010,spring,CSC361,A01,,,,60,17,,,
2010,spring,CSC370,A01,,,,55,25,,,
2010,spring,CSC370,A02,,,,25,2,,,
2010,spring,CSC421,A01,,,,35,30,,,
2010,spring,CSC428,A01,,,,30,12,,,
2010,spring,CSC454,A01,,,,30,13,,,
2010,spring,CSC463,A01,,,,30,17,,,
2010,spring,CSC464,A01,,,,30,7,,,
2010,spring,CSC466,A01,,,,30,6,,,
2010,spring,CSC472,A01,,,,20,14,,,
2010,spring,CSC499,A01,,,,10,0,,,
2010,spring,CSC511,A01,,,,15,13,,,
2010,spring,CSC554,A01,,,,10,6,,,
2010,spring,CSC595,A01,,,,20,15,,,
2010,spring,CSC598,A01,,,,100,5,,,
2010,spring,CSC598,A02,,,,100,2,,,
2010,spring,CSC599,A01,,,,100,31,,,
2010,spring,CSC599,A02,,,,100,10,,,
2010,spring,CSC699,A01,,,,100,49,,,
2010,spring,CSC699,A02,,,,100,4,,,
2010,spring,SENG265,A01,,,,100,51,,,
2010,spring,SENG265,A02,,,,30,3,,,
2010,spring,SENG310,A01,,,,60,26,,,
2010,spring,SENG321,A01,,,,30,16,,,
2010,spring,SENG321,A02,,,,30,13,,,
2010,spring,SENG371,A01,,,,30,2,,,
2010,spring,SENG371,A02,,,,30,18,,,
2010,spring,SENG380,A01,,,,70,14,,,
2010,spring,SENG401,A01,,,,45,15,,,
2010,spring,SENG401,A02,,,,15,7,,,
2010,spring,SENG410,A01,,,,60,13,,,
2010,spring,SENG462,A01,,,,20,8,,,
2010,spring,SENG462,A02,,,,20,1,,,
2010,spring,SENG462,A03,,,,20,1,,,
2010,spring,SENG466,A01,,,,10,3,,,
2010,spring,SENG466,A02,,,,8,7,,,
2010,spring,SENG474,A01,,,,40,17,,,
2010,spring,SENG499,A01,,,,20,11,,,
2010,summer,CSC100,A01,,,,60,27,,,
2010,summer,CSC110,A01,,,,80,22,,,
2010,summer,CSC115,A01,,,,80,48,,,
2010,summer,CSC225,A01,,,,40,23,,,
2010,summer,CSC225,A02,,,,20,13,,,
2010,summer,CSC230,A01,,,,60,27,,,
2010,summer,CSC305,A01,,,,48,15,,,
2010,summer,CSC320,A01,,,,60,20,,,
2010,summer,CSC360,A01,,,,60,23,,,
2010,summer,CSC460,A01,,,,20,8,,,
2010,summer,CSC471,A01,,,,20,9,,,
2010,summer,CSC522,A01,,,,15,10,,,
2010,summer,CSC560,A01,,,,10,1,,,
2010,summer,CSC598,A01,,,,50,9,,,
2010,summer,CSC598,A02,,,,50,1,,,
2010,summer,CSC599,A01,,,,50,48,,,
2010,summer,CSC599,A02,,,,50,8,,,
2010,summer,CSC699,A01,,,,50,42,,,
2010,summer,CSC699,A02,,,,50,4,,,
2010,summer,SENG265,A01,,,,60,29,,,
2010,summer,SENG271,A01,,,,30,7,,,
2010,summer,SENG271,A02,,,,30,21,,,
2010,summer,SENG310,A01,,,,30,19,,,
2010,summer,SENG310,A02,,,,30,18,,,
2010,summer,SENG321,A01,,,,30,4,,,
2010,summer,SENG321,A02,,,,30,6,,,
2010,summer,SENG401,A01,,,,60,22,,,
2010,summer,SENG422,A01,,,,30,22,,,
2010,summer,SENG422,A02,,,,30,4,,,
2010,summer,SENG426,A01,,,,30,25,,,
2010,summer,SENG426,A02,,,,30,5,,,
2010,summer,SENG440,A01,,,,30,20,,,
2010,summer,SENG440,A02,,,,30,6,,,
2010,summer,SENG499,A01,,,,20,1,,,
2010,fall,CSC100,A01,,,,250,176,,,
2010,fall,CSC100,A02,,,,250,114,,,
2010,fall,CSC105,A01,,,,300,182,,,
2010,fall,CSC106,A01,,,,150,90,,,
2010,fall,CSC110,A01,,,,150,109,,,
2010,fall,CSC110,A02,,,,160,136,,,
2010,fall,CSC111,A01,,,,25,16,,,
2010,fall,CSC111,A02,,,,275,185,,,
2010,fall,CSC115,A01,,,,120,61,,,
2010,fall,CSC167,A01,,,,120,77,,,
2010,fall,CSC205,A01,,,,60,18,,,
2010,fall,CSC225,A01,,,,120,51,,,
2010,fall,CSC230,A01,,,,110,53,,,
2010,fall,CSC230,A02,,,,40,25,,,
2010,fall,CSC242,A01,,,,8,5,,,
2010,fall,CSC305,A01,,,,60,22,,,
2010,fall,CSC320,A01,,,,45,30,,,
2010,fall,CSC320,A02,,,,15,6,,,
2010,fall,CSC326,A01,,,,40,13,,,
2010,fall,CSC330,A01,,,,60,43,,,
2010,fall,CSC340,A01,,,,60,29,,,
2010,fall,CSC349A,A01,,,,60,48,,,
2010,fall,CSC355,A01,,,,72,43,,,
2010,fall,CSC360,A01,,,,40,31,,,
2010,fall,CSC360,A02,,,,20,7,,,
2010,fall,CSC361,A01,,,,60,41,,,
2010,fall,CSC370,A01,,,,40,33,,,
2010,fall,CSC370,A02,,,,20,16,,,
2010,fall,CSC375,A01,,,,50,30,,,
2010,fall,CSC421,A01,,,,35,26,,,
2010,fall,CSC426,A01,,,,20,11,,,
2010,fall,CSC429,A01,,,,35,32,,,
2010,fall,CSC435,A01,,,,15,9,,,
2010,fall,CSC446,A01,,,,20,11,,,
2010,fall,CSC473,A01,,,,20,10,,,
2010,fall,CSC526,A01,,,,20,9,,,
2010,fall,CSC529,A01,,,,10,7,,,
2010,fall,CSC535,A01,,,,10,6,,,
2010,fall,CSC546,A01,,,,20,18,,,
2010,fall,CSC595,A01,,,,21,21,,,
2010,fall,CSC598,A01,,,,100,5,,,
2010,fall,CSC598,A02,,,,100,1,,,
2010,fall,CSC599,A01,,,,100,37,,,
2010,fall,CSC599,A02,,,,100,7,,,
2010,fall,CSC693,A01,,,,50,20,,,
2010,fall,CSC693,A02,,,,50,1,,,
2010,fall,CSC699,A01,,,,100,37,,,
2010,fall,CSC699,A02,,,,100,2,,,
2010,fall,SENG265,A01,,,,100,53,,,
2010,fall,SENG265,A02,,,,40,26,,,
2010,fall,SENG330,A01,,,,40,20,,,
2010,fall,SENG330,A02,,,,20,6,,,
2010,fall,SENG360,A01,,,,40,8,,,
2010,fall,SENG360,A02,,,,20,12,,,
2010,fall,SENG435,A01,,,,6,6,,,
2010,fall,SENG450,A01,,,,50,9,,,
2010,fall,SENG460,A01,,,,15,3,,,
2010,fall,SENG460,A02,,,,15,6,,,
2010,fall,SENG461,A01,,,,20,5,,,
2010,fall,SENG461,A02,,,,5,3,,,
2011,spring,CSC100,A01,,,,220,162,,,
2011,spring,CSC105,A01,,,,150,144,,,
2011,spring,CSC105,A02,,,,150,129,,,
2011,spring,CSC106,A01,,,,150,53,,,
2011,spring,CSC110,A01,,,,160,138,,,
2011,spring,CSC115,A01,,,,150,110,,,
2011,spring,CSC115,A02,,,,150,101,,,
2011,spring,CSC167,A01,,,,100,79,,,
2011,spring,CSC225,A01,,,,80,45,,,
2011,spring,CSC225,A02,,,,60,12,,,
2011,spring,CSC230,A01,,,,120,61,,,
2011,spring,CSC320,A01,,,,60,25,,,
2011,spring,CSC322,A01,,,,60,15,,,
2011,spring,CSC330,A01,,,,60,35,,,
2011,spring,CSC340,A01,,,,60,30,,,
2011,spring,CSC349A,A01,,,,15,10,,,
2011,spring,CSC349A,A02,,,,180,129,,,
2011,spring,CSC350,A01,,,,45,18,,,
2011,spring,CSC355,A01,,,,60,48,,,
2011,spring,CSC355,A02,,,,12,5,,,
2011,spring,CSC360,A01,,,,55,36,,,
2011,spring,CSC360,A02,,,,25,13,,,
2011,spring,CSC361,A01,,,,60,18,,,
2011,spring,CSC370,A01,,,,55,47,,,
2011,spring,CSC370,A02,,,,25,6,,,
2011,spring,CSC425,A01,,,,15,9,,,
2011,spring,CSC428,A01,,,,30,3,,,
2011,spring,CSC449,A01,,,,12,7,,,
2011,spring,CSC454,A01,,,,30,12,,,
2011,spring,CSC461,A01,,,,30,7,,,
2011,spring,CSC466,A01,,,,30,9,,,
2011,spring,CSC467,A01,,,,30,14,,,
2011,spring,CSC482B,A01,,,,10,8,,,
2011,spring,CSC520,A01,,,,15,8,,,
2011,spring,CSC525,A01,,,,10,8,,,
2011,spring,CSC540,A01,,,,10,3,,,
2011,spring,CSC554,A01,,,,10,7,,,
2011,spring,CSC561,A01,,,,10,3,,,
2011,spring,CSC567,A01,,,,30,3,,,
2011,spring,CSC579,A01,,,,10,10,,,
2011,spring,CSC595,A01,,,,20,15,,,
2011,spring,CSC598,A01,,,,100,5,,,
2011,spring,CSC598,A02,,,,100,0,,,
2011,spring,CSC599,A01,,,,100,36,,,
2011,spring,CSC599,A02,,,,100,9,,,
2011,spring,CSC693,A01,,,,50,23,,,
2011,spring,CSC693,A02,,,,50,2,,,
2011,spring,CSC699,A01,,,,100,35,,,
2011,spring,CSC699,A02,,,,100,1,,,
2011,spring,SENG265,A01,,,,80,58,,,
2011,spring,SENG265,A02,,,,30,6,,,
2011,spring,SENG310,A01,,,,60,46,,,
2011,spring,SENG321,A01,,,,30,21,,,
2011,spring,SENG321,A02,,,,30,16,,,
2011,spring,SENG371,A01,,,,30,4,,,
2011,spring,SENG371,A02,,,,30,25,,,
2011,spring,SENG380,A01,,,,43,17,,,
2011,spring,SENG401,A01,,,,45,19,,,
2011,spring,SENG401,A02,,,,15,4,,,
2011,spring,SENG462,A01,,,,20,8,,,
2011,spring,SENG462,A02,,,,20,2,,,
2011,spring,SENG462,A03,,,,20,5,,,
2011,spring,SENG466,A01,,,,10,8,,,
2011,spring,SENG466,A02,,,,8,4,,,
2011,spring,SENG474,A01,,,,40,22,,,
2011,spring,SENG499,A01,,,,20,10,,,
2011,summer,CSC110,A01,,,,80,23,,,
2011,summer,CSC115,A01,,,,80,58,,,
2011,summer,CSC225,A01,,,,40,20,,,
2011,summer,CSC225,A02,,,,20,11,,,
2011,summer,CSC230,A01,,,,35,28,,,
2011,summer,CSC305,A01,,,,30,12,,,
2011,summer,CSC320,A01,,,,60,19,,,
2011,summer,CSC360,A01,,,,46,21,,,
2011,summer,CSC426,A01,,,,30,14,,,
2011,summer,CSC526,A01,,,,16,11,,,
2011,summer,CSC598,A01,,,,50,3,,,
2011,summer,CSC598,A02,,,,50,1,,,
2011,summer,CSC599,A01,,,,100,54,,,
2011,summer,CSC599,A02,,,,100,6,,,
2011,summer,CSC693,A01,,,,100,21,,,
2011,summer,CSC693,A02,,,,100,2,,,
2011,summer,CSC699,A01,,,,100,24,,,
2011,summer,CSC699,A02,,,,100,1,,,
2011,summer,SENG130,A01,,,,50,12,,,
2011,summer,SENG265,A01,,,,50,34,,,
2011,summer,SENG271,A01,,,,30,7,,,
2011,summer,SENG271,A02,,,,30,23,,,
2011,summer,SENG310,A01,,,,30,22,,,
2011,summer,SENG310,A02,,,,30,15,,,
2011,summer,SENG321,A01,,,,30,10,,,
2011,summer,SENG321,A02,,,,30,10,,,
2011,summer,SENG411,A01,,,,20,17,,,
2011,summer,SENG422,A01,,,,30,17,,,
2011,summer,SENG422,A02,,,,15,2,,,
2011,summer,SENG426,A01,,,,30,16,,,
2011,summer,SENG426,A02,,,,15,0,,,
2011,summer,SENG440,A01,,,,30,21,,,
2011,summer,SENG440,A02,,,,15,10,,,
2011,summer,SENG499,A01,,,,20,0,,,
2011,fall,CSC100,A01,,,,250,147,,,
2011,fall,CSC100,A02,,,,250,109,,,
2011,fall,CSC105,A01,,,,300,194,,,
2011,fall,CSC106,A01,,,,150,124,,,
2011,fall,CSC110,A01,,,,150,101,,,
2011,fall,CSC110,A02,,,,155,124,,,
2011,fall,CSC111,A01,,,,25,13,,,
2011,fall,CSC111,A02,,,,275,222,,,
2011,fall,CSC115,A01,,,,120,53,,,
2011,fall,CSC115,A02,,,,160,103,,,
2011,fall,CSC167,A01,,,,120,68,,,
2011,fall,CSC205,A01,,,,60,30,,,
2011,fall,CSC225,A01,,,,100,56,,,
2011,fall,CSC230,A01,,,,110,42,,,
2011,fall,CSC230,A02,,,,40,16,,,
2011,fall,CSC320,A01,,,,45,30,,,
2011,fall,CSC320,A02,,,,15,11,,,
2011,fall,CSC326,A01,,,,40,14,,,
2011,fall,CSC330,A01,,,,60,41,,,
2011,fall,CSC340,A01,,,,60,32,,,
2011,fall,CSC349A,A01,,,,60,47,,,
2011,fall,CSC355,A01,,,,60,48,,,
2011,fall,CSC360,A01,,,,40,33,,,
2011,fall,CSC360,A02,,,,20,6,,,
2011,fall,CSC361,A01,,,,60,47,,,
2011,fall,CSC370,A01,,,,45,36,,,
2011,fall,CSC370,A02,,,,15,15,,,
2011,fall,CSC375,A01,,,,50,30,,,
2011,fall,CSC421,A01,,,,35,29,,,
2011,fall,CSC429,A01,,,,35,21,,,
2011,fall,CSC445,A01,,,,15,2,,,
2011,fall,CSC446,A01,,,,20,5,,,
2011,fall,CSC472,A01,,,,20,12,,,
2011,fall,CSC475,A01,,,,27,13,,,
2011,fall,CSC484A,A01,,,,18,17,,,
2011,fall,CSC528,A01,,,,20,5,,,
2011,fall,CSC529,A01,,,,10,8,,,
2011,fall,CSC545,A01,,,,15,4,,,
2011,fall,CSC546,A01,,,,20,13,,,
2011,fall,CSC571,A01,,,,22,20,,,
2011,fall,CSC575,A01,,,,21,17,,,
2011,fall,CSC595,A01,,,,20,16,,,
2011,fall,CSC598,A01,,,,50,5,,,
2011,fall,CSC598,A02,,,,50,0,,,
2011,fall,CSC599,A01,,,,100,40,,,
2011,fall,CSC599,A02,,,,100,10,,,
2011,fall,CSC693,A01,,,,100,20,,,
2011,fall,CSC693,A02,,,,100,2,,,
2011,fall,CSC699,A01,,,,100,32,,,
2011,fall,CSC699,A02,,,,100,1,,,
2011,fall,SENG130,A01,,,,120,39,,,
2011,fall,SENG265,A01,,,,100,44,,,
2011,fall,SENG265,A02,,,,40,17,,,
2011,fall,SENG330,A01,,,,40,23,,,
2011,fall,SENG330,A02,,,,20,9,,,
2011,fall,SENG360,A01,,,,40,16,,,
2011,fall,SENG360,A02,,,,20,18,,,
2011,fall,SENG435,A01,,,,5,6,,,
2011,fall,SENG460,A01,,,,12,4,,,
2011,fall,SENG460,A02,,,,8,8,,,
2012,spring,CSC100,A01,,,,220,154,,,
2012,spring,CSC105,A01,,,,150,123,,,
2012,spring,CSC105,A02,,,,150,137,,,
2012,spring,CSC106,A01,,,,150,77,,,
2012,spring,CSC110,A01,,,,150,130,,,
2012,spring,CSC115,A01,,,,150,92,,,
2012,spring,CSC115,A02,,,,150,108,,,
2012,spring,CSC167,A01,,,,100,74,,,
2012,spring,CSC225,A01,,,,80,51,,,
2012,spring,CSC225,A02,,,,60,30,,,
2012,spring,CSC230,A01,,,,120,72,,,
2012,spring,CSC305,A01,,,,60,35,,,
2012,spring,CSC320,A01,,,,60,26,,,
2012,spring,CSC322,A01,,,,60,13,,,
2012,spring,CSC330,A01,,,,54,44,,,
2012,spring,CSC340,A01,,,,60,34,,,
2012,spring,CSC349A,A01,,,,20,15,,,
2012,spring,CSC349A,A02,,,,175,123,,,
2012,spring,CSC350,A01,,,,45,19,,,
2012,spring,CSC355,A01,,,,55,45,,,
2012,spring,CSC355,A02,,,,17,8,,,
2012,spring,CSC360,A01,,,,60,36,,,
2012,spring,CSC360,A02,,,,20,14,,,
2012,spring,CSC370,A01,,,,60,52,,,
2012,spring,CSC370,A02,,,,20,2,,,
2012,spring,CSC423,A01,,,,20,5,,,
2012,spring,CSC454,A01,,,,30,20,,,
2012,spring,CSC463,A01,,,,30,15,,,
2012,spring,CSC464,A01,,,,20,8,,,
2012,spring,CSC467,A01,,,,30,10,,,
2012,spring,CSC471,A01,,,,20,7,,,
2012,spring,CSC490,A01,,,,10,2,,,
2012,spring,CSC523,A01,,,,20,9,,,
2012,spring,CSC524,A01,,,,10,6,,,
2012,spring,CSC554,A01,,,,10,7,,,
2012,spring,CSC564,A01,,,,10,6,,,
2012,spring,CSC567,A01,,,,30,9,,,
2012,spring,CSC569,A01,,,,10,7,,,
2012,spring,CSC595,A01,,,,20,17,,,
2012,spring,CSC598,A01,,,,50,5,,,
2012,spring,CSC598,A02,,,,50,0,,,
2012,spring,CSC599,A01,,,,100,38,,,
2012,spring,CSC599,A02,,,,100,4,,,
2012,spring,CSC693,A01,,,,100,20,,,
2012,spring,CSC693,A02,,,,100,1,,,
2012,spring,CSC699,A01,,,,100,33,,,
2012,spring,CSC699,A02,,,,100,1,,,
2012,spring,SENG265,A01,,,,80,65,,,
2012,spring,SENG265,A02,,,,30,12,,,
2012,spring,SENG310,A01,,,,60,37,,,
2012,spring,SENG321,A01,,,,30,18,,,
2012,spring,SENG321,A02,,,,30,20,,,
2012,spring,SENG371,A01,,,,30,2,,,
2012,spring,SENG371,A02,,,,30,22,,,
2012,spring,SENG380,A01,,,,30,24,,,
2012,spring,SENG401,A01,,,,40,19,,,
2012,spring,SENG401,A02,,,,20,18,,,
2012,spring,SENG410,A01,,,,60,24,,,
2012,spring,SENG461,A01,,,,20,3,,,
2012,spring,SENG461,A02,,,,10,7,,,
2012,spring,SENG462,A01,,,,30,11,,,
2012,spring,SENG462,A02,,,,15,10,,,
2012,spring,SENG466,A01,,,,6,6,,,
2012,spring,SENG466,A02,,,,15,12,,,
2012,spring,SENG474,A01,,,,40,24,,,
2012,spring,SENG499,A01,,,,20,12,,,
2012,summer,CSC110,A01,,,,80,41,,,
2012,summer,CSC115,A01,,,,100,67,,,
2012,summer,CSC225,A01,,,,40,14,,,
2012,summer,CSC225,A02,,,,20,12,,,
2012,summer,CSC230,A01,,,,60,34,,,
2012,summer,CSC320,A01,,,,60,31,,,
2012,summer,CSC360,A01,,,,60,41,,,
2012,summer,CSC370,A01,,,,60,47,,,
2012,summer,CSC598,A01,,,,25,4,,,
2012,summer,CSC598,A02,,,,25,1,,,
2012,summer,CSC599,A01,,,,100,52,,,
2012,summer,CSC599,A02,,,,100,7,,,
2012,summer,CSC693,A01,,,,100,25,,,
2012,summer,CSC693,A02,,,,100,1,,,
2012,summer,CSC699,A01,,,,100,29,,,
2012,summer,CSC699,A02,,,,100,1,,,
2012,fall,CSC100,A01,,,,250,170,,,
2012,fall,CSC100,A02,,,,250,123,,,
2012,fall,CSC105,A01,,,,300,208,,,
2012,fall,CSC106,A01,,,,150,129,,,
2012,fall,CSC110,A01,,,,150,111,,,
2012,fall,CSC110,A02,,,,170,138,,,
2012,fall,CSC111,A01,,,,30,25,,,
2012,fall,CSC111,A02,,,,280,239,,,
2012,fall,CSC115,A01,,,,120,56,,,
2012,fall,CSC115,A02,,,,150,115,,,
2012,fall,CSC130,A01,,,,100,60,,,
2012,fall,CSC167,A01,,,,120,88,,,
2012,fall,CSC205,A01,,,,60,21,,,
2012,fall,CSC225,A01,,,,100,75,,,
2012,fall,CSC230,A01,,,,110,33,,,
2012,fall,CSC230,A02,,,,40,13,,,
2012,fall,CSC320,A01,,,,40,25,,,
2012,fall,CSC320,A02,,,,20,20,,,
2012,fall,CSC326,A01,,,,40,24,,,
2012,fall,CSC349A,A01,,,,70,64,,,
2012,fall,CSC355,A01,,,,55,49,,,
2012,fall,CSC355,A02,,,,17,16,,,
2012,fall,CSC360,A01,,,,50,39,,,
2012,fall,CSC360,A02,,,,10,8,,,
2012,fall,CSC361,A01,,,,85,78,,,
2012,fall,CSC370,A01,,,,40,31,,,
2012,fall,CSC370,A02,,,,20,19,,,
2012,fall,CSC371,A01,,,,60,23,,,
2012,fall,CSC375,A01,,,,60,49,,,
2012,fall,CSC426,A01,,,,20,14,,,
2012,fall,CSC429,A01,,,,38,33,,,
2012,fall,CSC435,A01,,,,28,18,,,
2012,fall,CSC445,A01,,,,15,6,,,
2012,fall,CSC446,A01,,,,20,15,,,
2012,fall,CSC462,A01,,,,20,3,,,
2012,fall,CSC473,A01,,,,20,17,,,
2012,fall,CSC526,A01,,,,15,14,,,
2012,fall,CSC529,A01,,,,7,3,,,
2012,fall,CSC535,A01,,,,6,1,,,
2012,fall,CSC545,A01,,,,10,6,,,
2012,fall,CSC546,A01,,,,10,8,,,
2012,fall,CSC562,A01,,,,10,9,,,
2012,fall,CSC595,A01,,,,20,12,,,
2012,fall,CSC598,A01,,,,100,4,,,
2012,fall,CSC598,A02,,,,100,0,,,
2012,fall,CSC599,A01,,,,100,47,,,
2012,fall,CSC599,A02,,,,100,5,,,
2012,fall,CSC693,A01,,,,100,31,,,
2012,fall,CSC693,A02,,,,100,1,,,
2012,fall,CSC699,A01,,,,100,29,,,
2012,fall,CSC699,A02,,,,100,0,,,
2012,fall,SENG265,A01,,,,100,57,,,
2012,fall,SENG265,A02,,,,40,17,,,
2012,fall,SENG330,A01,,,,45,31,,,
2012,fall,SENG360,A01,,,,31,23,,,
2012,fall,SENG360,A02,,,,39,38,,,
2012,fall,SENG435,A01,,,,6,4,,,
2013,spring,CSC100,A01,,,,200,153,,,
2013,spring,CSC105,A01,,,,150,133,,,
2013,spring,CSC105,A02,,,,150,121,,,
2013,spring,CSC106,A01,,,,150,101,,,
2013,spring,CSC110,A01,,,,150,112,,,
2013,spring,CSC111,A01,,,,60,43,,,
2013,spring,CSC115,A01,,,,165,133,,,
2013,spring,CSC115,A02,,,,165,113,,,
2013,spring,CSC225,A01,,,,80,54,,,
2013,spring,CSC225,A02,,,,60,16,,,
2013,spring,CSC230,A01,,,,120,83,,,
2013,spring,CSC305,A01,,,,72,57,,,
2013,spring,CSC320,A01,,,,60,39,,,
2013,spring,CSC330,A01,,,,70,65,,,
2013,spring,CSC349A,A01,,,,25,16,,,
2013,spring,CSC349A,A02,,,,175,136,,,
2013,spring,CSC350,A01,,,,55,47,,,
2013,spring,CSC360,A01,,,,60,39,,,
2013,spring,CSC360,A02,,,,20,7,,,
2013,spring,CSC370,A01,,,,60,59,,,
2013,spring,CSC370,A02,,,,20,1,,,
2013,spring,CSC421,A01,,,,49,38,,,
2013,spring,CSC425,A01,,,,20,7,,,
2013,spring,CSC428,A01,,,,30,23,,,
2013,spring,CSC454,A01,,,,26,23,,,
2013,spring,CSC461,A01,,,,30,10,,,
2013,spring,CSC466,A01,,,,30,11,,,
2013,spring,CSC467,A01,,,,20,12,,,
2013,spring,CSC471,A01,,,,24,15,,,
2013,spring,CSC520,A01,,,,20,1,,,
2013,spring,CSC525,A01,,,,10,5,,,
2013,spring,CSC554,A01,,,,10,1,,,
2013,spring,CSC561,A01,,,,10,5,,,
2013,spring,CSC567,A01,,,,10,2,,,
2013,spring,CSC579,A01,,,,10,4,,,
2013,spring,CSC595,A01,,,,20,13,,,
2013,spring,CSC598,A01,,,,100,2,,,
2013,spring,CSC598,A02,,,,100,0,,,
2013,spring,CSC599,A01,,,,100,38,,,
2013,spring,CSC599,A02,,,,100,3,,,
2013,spring,CSC693,A01,,,,100,27,,,
2013,spring,CSC693,A02,,,,100,0,,,
2013,spring,CSC699,A01,,,,100,27,,,
2013,spring,CSC699,A02,,,,100,1,,,
2013,spring,SENG265,A01,,,,80,55,,,
2013,spring,SENG265,A02,,,,30,13,,,
2013,spring,SENG310,A01,,,,60,55,,,
2013,spring,SENG321,A01,,,,30,10,,,
2013,spring,SENG321,A02,,,,30,26,,,
2013,spring,SENG371,A01,,,,20,2,,,
2013,spring,SENG371,A02,,,,40,31,,,
2013,spring,SENG380,A01,,,,30,28,,,
2013,spring,SENG380,A02,,,,5,0,,,
2013,spring,SENG401,A01,,,,45,23,,,
2013,spring,SENG401,A02,,,,15,11,,,
2013,spring,SENG460,A01,,,,15,9,,,
2013,spring,SENG460,A02,,,,15,9,,,
2013,spring,SENG462,A01,,,,15,13,,,
2013,spring,SENG462,A02,,,,15,7,,,
2013,spring,SENG466,A01,,,,3,2,,,
2013,spring,SENG466,A02,,,,15,11,,,
2013,spring,SENG474,A01,,,,40,35,,,
2013,spring,SENG499,A01,,,,20,15,,,
2013,summer,CSC110,A01,,,,80,45,,,
2013,summer,CSC115,A01,,,,120,93,,,
2013,summer,CSC225,A01,,,,40,32,,,
2013,summer,CSC225,A02,,,,20,9,,,
2013,summer,CSC230,A01,,,,60,29,,,
2013,summer,CSC320,A01,,,,60,33,,,
2013,summer,CSC360,A01,,,,60,32,,,
2013,summer,CSC361,A01,,,,64,54,,,
2013,summer,CSC370,A01,,,,58,23,,,
2013,summer,CSC460,A01,,,,20,11,,,
2013,summer,CSC560,A01,,,,10,4,,,
2013,summer,CSC598,A01,,,,25,4,,,
2013,summer,CSC598,A02,,,,25,0,,,
2013,summer,CSC599,A01,,,,100,41,,,
2013,summer,CSC599,A02,,,,100,4,,,
2013,summer,CSC693,A01,,,,100,24,,,
2013,summer,CSC693,A02,,,,100,1,,,
2013,summer,CSC699,A01,,,,100,23,,,
2013,summer,CSC699,A02,,,,100,4,,,
2013,summer,SENG265,A01,,,,60,40,,,
2013,summer,SENG271,A01,,,,30,11,,,
2013,summer,SENG271,A02,,,,30,25,,,
2013,summer,SENG310,A01,,,,30,16,,,
2013,summer,SENG310,A02,,,,30,17,,,
2013,summer,SENG422,A01,,,,30,12,,,
2013,summer,SENG422,A02,,,,15,2,,,
2013,summer,SENG426,A01,,,,37,38,,,
2013,summer,SENG426,A02,,,,2,1,,,
2013,summer,SENG440,A01,,,,48,45,,,
2013,summer,SENG440,A02,,,,5,3,,,
2013,summer,SENG499,A01,,,,15,7,,,
2013,fall,CSC100,A01,,,,250,195,,,
2013,fall,CSC100,A02,,,,250,117,,,
2013,fall,CSC105,A01,,,,300,227,,,
2013,fall,CSC106,A01,,,,150,139,,,
2013,fall,CSC110,A01,,,,190,143,,,
2013,fall,CSC110,A02,,,,200,176,,,
2013,fall,CSC111,A01,,,,245,214,,,
2013,fall,CSC111,A02,,,,200,152,,,
2013,fall,CSC115,A01,,,,120,69,,,
2013,fall,CSC116,A01,,,,150,114,,,
2013,fall,CSC130,A01,,,,100,80,,,
2013,fall,CSC167,A01,,,,120,102,,,
2013,fall,CSC225,A01,,,,100,65,,,
2013,fall,CSC230,A01,,,,110,49,,,
2013,fall,CSC230,A02,,,,40,7,,,
2013,fall,CSC305,A01,,,,60,27,,,
2013,fall,CSC320,A01,,,,50,31,,,
2013,fall,CSC320,A02,,,,30,13,,,
2013,fall,CSC326,A01,,,,40,27,,,
2013,fall,CSC330,A01,,,,60,57,,,
2013,fall,CSC349A,A01,,,,110,103,,,
2013,fall,CSC355,A01,,,,55,40,,,
2013,fall,CSC355,A02,,,,25,19,,,
2013,fall,CSC360,A01,,,,55,41,,,
2013,fall,CSC360,A02,,,,15,14,,,
2013,fall,CSC361,A01,,,,80,49,,,
2013,fall,CSC370,A01,,,,45,44,,,
2013,fall,CSC370,A02,,,,15,12,,,
2013,fall,CSC371,A01,,,,60,25,,,
2013,fall,CSC375,A01,,,,72,64,,,
2013,fall,CSC423,A01,,,,20,15,,,
2013,fall,CSC426,A01,,,,30,17,,,
2013,fall,CSC429,A01,,,,50,43,,,
2013,fall,CSC446,A01,,,,19,13,,,
2013,fall,CSC466,A01,,,,20,10,,,
2013,fall,CSC472,A01,,,,20,18,,,
2013,fall,CSC497,A03,,,,10,1,,,
2013,fall,CSC523,A01,,,,20,15,,,
2013,fall,CSC526,A01,,,,10,5,,,
2013,fall,CSC529,A01,,,,20,16,,,
2013,fall,CSC546,A01,,,,15,13,,,
2013,fall,CSC579,A01,,,,15,6,,,
2013,fall,CSC595,A01,,,,20,18,,,
2013,fall,CSC598,A01,,,,100,5,,,
2013,fall,CSC598,A02,,,,100,1,,,
2013,fall,CSC599,A01,,,,100,37,,,
2013,fall,CSC599,A02,,,,100,4,,,
2013,fall,CSC693,A01,,,,100,22,,,
2013,fall,CSC693,A02,,,,100,0,,,
2013,fall,CSC699,A01,,,,100,23,,,
2013,fall,CSC699,A02,,,,100,6,,,
2013,fall,SENG265,A01,,,,100,77,,,
2013,fall,SENG265,A02,,,,40,18,,,
2013,fall,SENG360,A01,,,,40,35,,,
2013,fall,SENG360,A02,,,,40,24,,,
2013,fall,SENG399,A01,,,,20,18,,,
2014,spring,CSC100,A01,,,,200,152,,,
2014,spring,CSC105,A01,,,,150,131,,,
2014,spring,CSC105,A02,,,,150,139,,,
2014,spring,CSC106,A01,,,,168,141,,,
2014,spring,CSC110,A01,,,,174,146,,,
2014,spring,CSC111,A01,,,,75,53,,,
2014,spring,CSC115,A01,,,,200,127,,,
2014,spring,CSC115,A02,,,,200,175,,,
2014,spring,CSC225,A01,,,,90,69,,,
2014,spring,CSC225,A02,,,,25,11,,,
2014,spring,CSC230,A01,,,,120,87,,,
2014,spring,CSC305,A01,,,,60,45,,,
2014,spring,CSC320,A01,,,,70,49,,,
2014,spring,CSC322,A01,,,,60,41,,,
2014,spring,CSC330,A01,,,,60,38,,,
2014,spring,CSC349A,A01,,,,35,29,,,
2014,spring,CSC349A,A02,,,,200,151,,,
2014,spring,CSC350,A01,,,,40,21,,,
2014,spring,CSC360,A01,,,,60,26,,,
2014,spring,CSC360,A02,,,,20,3,,,
2014,spring,CSC370,A01,,,,70,63,,,
2014,spring,CSC370,A02,,,,15,1,,,
2014,spring,CSC421,A01,,,,65,59,,,
2014,spring,CSC425,A01,,,,20,6,,,
2014,spring,CSC428A,A01,,,,20,7,,,
2014,spring,CSC454,A01,,,,30,24,,,
2014,spring,CSC461,A01,,,,20,19,,,
2014,spring,CSC463,A01,,,,30,14,,,
2014,spring,CSC464,A01,,,,17,9,,,
2014,spring,CSC471,A01,,,,30,14,,,
2014,spring,CSC475,A01,,,,30,18,,,
2014,spring,CSC520,A01,,,,20,5,,,
2014,spring,CSC528,A01,,,,10,5,,,
2014,spring,CSC554,A01,,,,15,8,,,
2014,spring,CSC561,A01,,,,10,3,,,
2014,spring,CSC564,A01,,,,15,9,,,
2014,spring,CSC569,A01,,,,10,4,,,
2014,spring,CSC575,A01,,,,15,6,,,
2014,spring,CSC595,A01,,,,20,18,,,
2014,spring,CSC598,A01,,,,100,7,,,
2014,spring,CSC598,A02,,,,100,1,,,
2014,spring,CSC599,A01,,,,100,34,,,
2014,spring,CSC599,A02,,,,100,5,,,
2014,spring,CSC693,A01,,,,100,21,,,
2014,spring,CSC693,A02,,,,100,1,,,
2014,spring,CSC699,A01,,,,100,24,,,
2014,spring,CSC699,A02,,,,100,6,,,
2014,spring,SENG265,A01,,,,80,67,,,
2014,spring,SENG265,A02,,,,30,9,,,
2014,spring,SENG310,A01,,,,72,69,,,
2014,spring,SENG321,A01,,,,30,6,,,
2014,spring,SENG321,A02,,,,30,19,,,
2014,spring,SENG371,A01,,,,30,5,,,
2014,spring,SENG371,A02,,,,30,19,,,
2014,spring,SENG401,A01,,,,30,19,,,
2014,spring,SENG401,A02,,,,30,27,,,
2014,spring,SENG411,A01,,,,20,12,,,
2014,spring,SENG421,A01,,,,8,7,,,
2014,spring,SENG435,A01,,,,5,4,,,
2014,spring,SENG460,A01,,,,25,16,,,
2014,spring,SENG460,A02,,,,10,5,,,
2014,spring,SENG462,A01,,,,22,15,,,
2014,spring,SENG462,A02,,,,12,2,,,
2014,spring,SENG474,A01,,,,48,43,,,
2014,spring,SENG499,A01,,,,20,18,,,
2014,summer,CSC110,A01,,,,110,76,,,
2014,summer,CSC115,A01,,,,140,101,,,
2014,summer,CSC225,A01,,,,40,35,,,
2014,summer,CSC225,A02,,,,20,6,,,
2014,summer,CSC230,A01,,,,60,42,,,
2014,summer,CSC320,A01,,,,60,55,,,
2014,summer,CSC360,A01,,,,60,26,,,
2014,summer,CSC361,A01,,,,56,51,,,
2014,summer,CSC370,A01,,,,60,36,,,
2014,summer,CSC435,A01,,,,30,28,,,
2014,summer,CSC535,A01,,,,15,5,,,
2014,summer,CSC597,A01,,,,100,3,,,
2014,summer,CSC597,A02,,,,100,0,,,
2014,summer,CSC598,A01,,,,100,7,,,
2014,summer,CSC598,A02,,,,100,0,,,
2014,summer,CSC599,A01,,,,100,38,,,
2014,summer,CSC599,A02,,,,100,3,,,
2014,summer,CSC693,A01,,,,100,21,,,
2014,summer,CSC693,A02,,,,100,1,,,
2014,summer,CSC699,A01,,,,100,21,,,
2014,summer,CSC699,A02,,,,100,5,,,
2014,summer,SENG265,A01,,,,70,35,,,
2014,summer,SENG299,A01,,,,35,12,,,
2014,summer,SENG299,A02,,,,35,20,,,
2014,summer,SENG310,A01,,,,37,31,,,
2014,summer,SENG310,A02,,,,13,14,,,
2014,summer,SENG422,A01,,,,30,18,,,
2014,summer,SENG422,A02,,,,15,5,,,
2014,summer,SENG426,A01,,,,30,22,,,
2014,summer,SENG426,A02,,,,15,3,,,
2014,summer,SENG440,A01,,,,45,40,,,
2014,summer,SENG440,A02,,,,10,6,,,
2014,summer,SENG499,A01,,,,20,12,,,
2014,fall,CSC100,A01,,,,250,186,,,
2014,fall,CSC100,A02,,,,250,96,,,
2014,fall,CSC105,A01,,,,300,205,,,
2014,fall,CSC106,A01,,,,150,144,,,
2014,fall,CSC110,A01,,,,215,178,,,
2014,fall,CSC110,A02,,,,215,175,,,
2014,fall,CSC111,A01,,,,250,237,,,
2014,fall,CSC111,A02,,,,250,174,,,
2014,fall,CSC115,A01,,,,140,106,,,
2014,fall,CSC116,A01,,,,150,138,,,
2014,fall,CSC116,A02,,,,150,54,,,
2014,fall,CSC130,A01,,,,140,110,,,
2014,fall,CSC167,A01,,,,120,113,,,
2014,fall,CSC205,A01,,,,60,7,,,
2014,fall,CSC225,A01,,,,140,116,,,
2014,fall,CSC226,A01,,,,80,55,,,
2014,fall,CSC230,A01,,,,110,78,,,
2014,fall,CSC230,A02,,,,40,23,,,
2014,fall,CSC305,A01,,,,60,27,,,
2014,fall,CSC320,A01,,,,50,23,,,
2014,fall,CSC320,A02,,,,27,9,,,
2014,fall,CSC322,A01,,,,60,49,,,
2014,fall,CSC330,A01,,,,60,38,,,
2014,fall,CSC349A,A01,,,,120,115,,,
2014,fall,CSC355,A01,,,,55,46,,,
2014,fall,CSC355,A02,,,,25,12,,,
2014,fall,CSC360,A01,,,,60,50,,,
2014,fall,CSC360,A02,,,,25,16,,,
2014,fall,CSC361,A01,,,,80,51,,,
2014,fall,CSC370,A01,,,,40,31,,,
2014,fall,CSC370,A02,,,,15,9,,,
2014,fall,CSC371,A01,,,,60,34,,,
2014,fall,CSC375,A01,,,,65,49,,,
2014,fall,CSC422,A01,,,,20,16,,,
2014,fall,CSC426,A01,,,,30,21,,,
2014,fall,CSC429,A01,,,,60,46,,,
2014,fall,CSC445,A01,,,,20,13,,,
2014,fall,CSC467,A01,,,,27,23,,,
2014,fall,CSC473,A01,,,,20,9,,,
2014,fall,CSC522,A01,,,,26,8,,,
2014,fall,CSC526,A01,,,,10,1,,,
2014,fall,CSC529,A01,,,,15,7,,,
2014,fall,CSC545,A01,,,,24,15,,,
2014,fall,CSC567,A01,,,,27,26,,,
2014,fall,CSC595,A01,,,,25,25,,,
2014,fall,CSC597,A01,,,,100,8,,,
2014,fall,CSC597,A02,,,,100,0,,,
2014,fall,CSC598,A01,,,,100,3,,,
2014,fall,CSC598,A02,,,,100,0,,,
2014,fall,CSC599,A01,,,,100,35,,,
2014,fall,CSC599,A02,,,,100,4,,,
2014,fall,CSC693,A01,,,,100,23,,,
2014,fall,CSC693,A02,,,,100,2,,,
2014,fall,CSC699,A01,,,,100,25,,,
2014,fall,CSC699,A02,,,,100,3,,,
2014,fall,SENG265,A01,,,,105,90,,,
2014,fall,SENG265,A02,,,,45,42,,,
2014,fall,SENG360,A01,,,,45,34,,,
2014,fall,SENG360,A02,,,,35,31,,,
2014,fall,SENG399,A01,,,,35,25,,,
2014,fall,SENG435,A01,,,,12,12,,,
2015,spring,CSC100,A01,,,,250,199,,,
2015,spring,CSC105,A01,,,,150,136,,,
2015,spring,CSC105,A02,,,,150,128,,,
2015,spring,CSC106,A01,,,,224,192,,,
2015,spring,CSC110,A01,,,,224,193,,,
2015,spring,CSC111,A01,,,,80,76,,,
2015,spring,CSC115,A01,,,,230,193,,,
2015,spring,CSC115,A02,,,,230,131,,,
2015,spring,CSC226,A01,,,,110,73,,,
2015,spring,CSC226,A02,,,,30,13,,,
2015,spring,CSC230,A01,,,,170,126,,,
2015,spring,CSC305,A01,,,,60,34,,,
2015,spring,CSC320,A01,,,,78,59,,,
2015,spring,CSC330,A01,,,,60,36,,,
2015,spring,CSC349A,A01,,,,40,22,,,
2015,spring,CSC349A,A02,,,,210,201,,,
2015,spring,CSC350,A01,,,,60,49,,,
2015,spring,CSC360,A01,,,,60,40,,,
2015,spring,CSC360,A02,,,,10,6,,,
2015,spring,CSC370,A01,,,,80,60,,,
2015,spring,CSC421,A01,,,,80,48,,,
2015,spring,CSC425,A01,,,,20,8,,,
2015,spring,CSC446,A01,,,,25,23,,,
2015,spring,CSC460,A01,,,,25,29,,,
2015,spring,CSC461,A01,,,,25,22,,,
2015,spring,CSC462,A01,,,,22,16,,,
2015,spring,CSC466,A01,,,,35,25,,,
2015,spring,CSC475,A01,,,,18,10,,,
2015,spring,CSC511,A01,,,,25,18,,,
2015,spring,CSC520,A01,,,,20,3,,,
2015,spring,CSC546,A01,,,,15,10,,,
2015,spring,CSC560,A01,,,,10,2,,,
2015,spring,CSC561,A01,,,,25,15,,,
2015,spring,CSC562,A01,,,,32,13,,,
2015,spring,CSC575,A01,,,,12,6,,,
2015,spring,CSC579,A01,,,,20,6,,,
2015,spring,CSC595,A01,,,,25,22,,,
2015,spring,CSC597,A01,,,,100,3,,,
2015,spring,CSC597,A02,,,,100,0,,,
2015,spring,CSC598,A01,,,,100,6,,,
2015,spring,CSC598,A02,,,,100,0,,,
2015,spring,CSC599,A01,,,,100,32,,,
2015,spring,CSC599,A02,,,,100,5,,,
2015,spring,CSC693,A01,,,,100,15,,,
2015,spring,CSC693,A02,,,,100,1,,,
2015,spring,CSC699,A01,,,,100,27,,,
2015,spring,CSC699,A02,,,,100,3,,,
2015,spring,SENG265,A01,,,,105,77,,,
2015,spring,SENG265,A02,,,,20,13,,,
2015,spring,SENG310,A01,,,,90,76,,,
2015,spring,SENG321,A01,,,,10,14,,,
2015,spring,SENG321,A02,,,,32,35,,,
2015,spring,SENG371,A01,,,,30,5,,,
2015,spring,SENG371,A02,,,,30,23,,,
2015,spring,SENG401,A01,,,,34,35,,,
2015,spring,SENG401,A02,,,,26,26,,,
2015,spring,SENG460,A01,,,,24,22,,,
2015,spring,SENG460,A02,,,,12,10,,,
2015,spring,SENG462,A01,,,,18,6,,,
2015,spring,SENG462,A02,,,,6,2,,,
2015,spring,SENG474,A01,,,,60,53,,,
2015,summer,CSC106,A01,,,,56,38,,,
2015,summer,CSC110,A01,,,,80,57,,,
2015,summer,CSC115,A01,,,,140,92,,,
2015,summer,CSC225,A01,,,,70,63,,,
2015,summer,CSC225,A02,,,,45,41,,,
2015,summer,CSC230,A01,,,,60,34,,,
2015,summer,CSC320,A01,,,,60,42,,,
2015,summer,CSC360,A01,,,,60,37,,,
2015,summer,CSC370,A01,,,,60,31,,,
2015,summer,CSC426,A01,,,,40,30,,,
2015,summer,CSC429,A01,,,,50,34,,,
2015,summer,CSC466,A01,,,,40,24,,,
2015,summer,CSC526,A01,,,,20,10,,,
2015,summer,CSC529,A01,,,,10,4,,,
2015,summer,CSC579,A01,,,,30,13,,,
2015,summer,CSC597,A01,,,,100,6,,,
2015,summer,CSC597,A02,,,,100,1,,,
2015,summer,CSC598,A01,,,,100,11,,,
2015,summer,CSC598,A02,,,,100,1,,,
2015,summer,CSC599,A01,,,,100,34,,,
2015,summer,CSC599,A02,,,,100,3,,,
2015,summer,CSC693,A01,,,,100,13,,,
2015,summer,CSC693,A02,,,,100,1,,,
2015,summer,CSC699,A01,,,,100,27,,,
2015,summer,CSC699,A02,,,,100,3,,,
2015,summer,SENG265,A01,,,,70,56,,,
2015,summer,SENG299,A01,,,,8,13,,,
2015,summer,SENG299,A02,,,,45,56,,,
2015,summer,SENG310,A01,,,,27,24,,,
2015,summer,SENG310,A02,,,,32,30,,,
2015,summer,SENG422,A01,,,,15,8,,,
2015,summer,SENG422,A02,,,,5,1,,,
2015,summer,SENG426,A01,,,,26,26,,,
2015,summer,SENG426,A02,,,,4,2,,,
2015,summer,SENG440,A01,,,,46,41,,,
2015,summer,SENG440,A02,,,,12,7,,,
2015,summer,SENG499,A01,,,,25,15,,,
2015,fall,SENG265,A01,,,,130,117,,,
2015,fall,SENG265,A02,,,,45,40,,,
2015,fall,SENG330,A01,,,,60,55,,,
2015,fall,SENG360,A01,,,,40,32,,,
2015,fall,SENG360,A02,,,,40,38,,,
2015,fall,SENG399,A01,,,,35,31,,,
2015,fall,SENG435,A01,,,,10,15,,,
2016,spring,SENG265,A01,,,,119,101,,,
2016,spring,SENG265,A02,,,,17,17,,,
2016,spring,SENG310,A01,,,,90,105,,,
2016,spring,SENG321,A01,,,,30,17,,,
2016,spring,SENG321,A02,,,,50,44,,,
2016,spring,SENG371,A01,,,,15,1,,,
2016,spring,SENG371,A02,,,,45,37,,,
2016,spring,SENG401,A01,,,,40,35,,,
2016,spring,SENG401,A02,,,,30,20,,,
2016,spring,SENG460,A01,,,,30,27,,,
2016,spring,SENG460,A02,,,,20,17,,,
2016,spring,SENG462,A01,,,,18,11,,,
2016,spring,SENG462,A02,,,,6,3,,,
2016,spring,SENG474,A01,,,,85,67,,,
2016,summer,CSC106,A01,,,,56,34,,,
2016,summer,CSC110,A01,,,,80,60,,,
2016,summer,CSC115,A01,,,,168,123,,,
2016,summer,CSC225,A01,,,,75,52,,,
2016,summer,CSC225,A02,,,,40,29,,,
2016,summer,CSC226,A01,,,,80,56,,,
2016,summer,CSC226,A02,,,,35,13,,,
2016,summer,CSC230,A01,,,,110,90,,,
2016,summer,CSC305,A01,,,,48,19,,,
2016,summer,CSC320,A01,,,,65,50,,,
2016,summer,CSC322,A01,,,,60,35,,,
2016,summer,CSC360,A01,,,,60,34,,,
2016,summer,CSC361,A01,,,,60,50,,,
2016,summer,CSC370,A01,,,,60,55,,,
2016,summer,CSC462,A01,,,,35,28,,,
2016,summer,CSC490,A04,,,,1,1,,,
2016,summer,CSC490,A05,,,,1,1,,,
2016,summer,CSC562,A01,,,,25,14,,,
2016,summer,CSC591,A02,,,,1,1,,,
2016,summer,CSC597,A01,,,,100,6,,,
2016,summer,CSC597,A02,,,,100,0,,,
2016,summer,CSC598,A01,,,,100,12,,,
2016,summer,CSC598,A02,,,,100,1,,,
2016,summer,CSC599,A01,,,,100,30,,,
2016,summer,CSC599,A02,,,,100,1,,,
2016,summer,CSC693,A01,,,,100,17,,,
2016,summer,CSC693,A02,,,,100,0,,,
2016,summer,CSC699,A01,,,,100,30,,,
2016,summer,CSC699,A02,,,,100,3,,,
2016,summer,SENG265,A01,,,,87,71,,,
2016,summer,SENG299,A01,,,,20,14,,,
2016,summer,SENG299,A02,,,,60,56,,,
2016,summer,SENG310,A01,,,,55,46,,,
2016,summer,SENG310,A02,,,,35,33,,,
2016,summer,SENG422,A01,,,,30,15,,,
2016,summer,SENG422,A02,,,,15,9,,,
2016,summer,SENG426,A01,,,,35,34,,,
2016,summer,SENG426,A02,,,,10,5,,,
2016,summer,SENG440,A01,,,,54,41,,,
2016,summer,SENG440,A02,,,,20,11,,,
2016,summer,SENG499,A01,,,,45,26,,,
2016,fall,CSC100,A01,,,,250,225,,,
2016,fall,CSC100,A02,,,,250,147,,,
2016,fall,CSC101,A01,,,,18,12,,,
2016,fall,CSC105,A01,,,,300,162,,,
2016,fall,CSC106,A01,,,,200,188,,,
2016,fall,CSC110,A01,,,,270,224,,,
2016,fall,CSC110,A02,,,,230,166,,,
2016,fall,CSC111,A01,,,,300,244,,,
2016,fall,CSC111,A02,,,,204,177,,,
2016,fall,CSC115,A01,,,,150,126,,,
2016,fall,CSC116,A01,,,,150,112,,,
2016,fall,CSC116,A02,,,,150,75,,,
2016,fall,CSC225,A01,,,,180,168,,,
2016,fall,CSC226,A01,,,,125,116,,,
2016,fall,CSC230,A01,,,,150,139,,,
2016,fall,CSC230,A02,,,,25,23,,,
2016,fall,CSC320,A01,,,,73,63,,,
2016,fall,CSC320,A02,,,,27,15,,,
2016,fall,CSC330,A01,,,,78,69,,,
2016,fall,CSC349A,A01,,,,140,120,,,
2016,fall,CSC355,A01,,,,86,83,,,
2016,fall,CSC355,A02,,,,18,16,,,
2016,fall,CSC360,A01,,,,73,63,,,
2016,fall,CSC360,A02,,,,27,25,,,
2016,fall,CSC370,A01,,,,70,61,,,
2016,fall,CSC370,A02,,,,30,27,,,
2016,fall,CSC375,A01,,,,65,72,,,
2016,fall,CSC421,A01,,,,125,116,,,
2016,fall,CSC425,A01,,,,30,17,,,
2016,fall,CSC445,A01,,,,30,23,,,
2016,fall,CSC446,A01,,,,45,31,,,
2016,fall,CSC520,A01,,,,30,2,,,
2016,fall,CSC545,A01,,,,30,19,,,
2016,fall,CSC546,A01,,,,25,20,,,
2016,fall,CSC597,A01,,,,100,5,,,
2016,fall,CSC597,A02,,,,100,0,,,
2016,fall,CSC598,A01,,,,100,7,,,
2016,fall,CSC598,A02,,,,100,1,,,
2016,fall,CSC599,A01,,,,100,35,,,
2016,fall,CSC599,A02,,,,100,0,,,
2016,fall,CSC693,A01,,,,100,25,,,
2016,fall,CSC693,A02,,,,100,0,,,
2016,fall,CSC699,A01,,,,100,24,,,
2016,fall,CSC699,A02,,,,100,3,,,
2017,spring,CSC100,A01,,,,300,280,,,
2017,spring,CSC100,A01,,,,300,280,,,
2017,spring,CSC100,A01,,,,300,280,,,
2017,spring,CSC101,A01,,,,18,17,,,
2017,spring,CSC101,A01,,,,18,17,,,
2017,spring,CSC101,A01,,,,18,17,,,
2017,spring,CSC105,A01,,,,150,87,,,
2017,spring,CSC105,A02,,,,154,138,,,
2017,spring,CSC105,A01,,,,150,87,,,
2017,spring,CSC105,A02,,,,154,138,,,
2017,spring,CSC105,A01,,,,150,87,,,
2017,spring,CSC105,A02,,,,154,138,,,
2017,spring,CSC106,A01,,,,215,191,,,
2017,spring,CSC106,A01,,,,215,191,,,
2017,spring,CSC106,A01,,,,215,191,,,
2017,spring,CSC110,A01,,,,196,149,,,
2017,spring,CSC110,A01,,,,196,149,,,
2017,spring,CSC110,A01,,,,196,149,,,
2017,spring,CSC111,A01,,,,138,112,,,
2017,spring,CSC111,A01,,,,138,112,,,
2017,spring,CSC111,A01,,,,138,112,,,
2017,spring,CSC115,A01,,,,240,197,,,
2017,spring,CSC115,A02,,,,215,189,,,
2017,spring,CSC115,A01,,,,240,197,,,
2017,spring,CSC115,A02,,,,215,189,,,
2017,spring,CSC115,A01,,,,240,197,,,
2017,spring,CSC115,A02,,,,215,189,,,
2017,spring,CSC130,A01,,,,140,79,,,
2017,spring,CSC130,A01,,,,140,79,,,
2017,spring,CSC130,A01,,,,140,79,,,
2017,spring,CSC205,A01,,,,75,38,,,
2017,spring,CSC205,A01,,,,75,38,,,
2017,spring,CSC205,A01,,,,75,38,,,
2017,spring,CSC225,A01,,,,140,124,,,
2017,spring,CSC225,A01,,,,140,124,,,
2017,spring,CSC225,A01,,,,140,124,,,
2017,spring,CSC226,A01,,,,140,129,,,
2017,spring,CSC226,A02,,,,33,32,,,
2017,spring,CSC226,A01,,,,140,129,,,
2017,spring,CSC226,A02,,,,33,32,,,
2017,spring,CSC226,A01,,,,140,129,,,
2017,spring,CSC226,A02,,,,33,32,,,
2017,spring,CSC230,A01,,,,150,88,,,
2017,spring,CSC230,A01,,,,150,88,,,
2017,spring,CSC230,A01,,,,150,88,,,
2017,spring,CSC305,A01,,,,78,53,,,
2017,spring,CSC305,A01,,,,78,53,,,
2017,spring,CSC305,A01,,,,78,53,,,
2017,spring,CSC320,A01,,,,120,112,,,
2017,spring,CSC320,A01,,,,120,112,,,
2017,spring,CSC320,A01,,,,120,112,,,
2017,spring,CSC330,A01,,,,148,54,,,
2017,spring,CSC330,A01,,,,148,54,,,
2017,spring,CSC330,A01,,,,148,54,,,
2017,spring,CSC349A,A01,,,,55,35,,,
2017,spring,CSC349A,A02,,,,260,201,,,
2017,spring,CSC349A,A01,,,,55,35,,,
2017,spring,CSC349A,A02,,,,260,201,,,
2017,spring,CSC349A,A01,,,,55,35,,,
2017,spring,CSC349A,A02,,,,260,201,,,
2017,spring,CSC360,A01,,,,90,61,,,
2017,spring,CSC360,A02,,,,15,9,,,
2017,spring,CSC360,A01,,,,90,61,,,
2017,spring,CSC360,A02,,,,15,9,,,
2017,spring,CSC360,A01,,,,90,61,,,
2017,spring,CSC360,A02,,,,15,9,,,
2017,spring,CSC361,A01,,,,128,107,,,
2017,spring,CSC361,A01,,,,128,107,,,
2017,spring,CSC361,A01,,,,128,107,,,
2017,spring,CSC370,A01,,,,117,114,,,
2017,spring,CSC370,A01,,,,117,114,,,
2017,spring,CSC370,A01,,,,117,114,,,
2017,spring,CSC371,A01,,,,60,28,,,
2017,spring,CSC371,A01,,,,60,28,,,
2017,spring,CSC371,A01,,,,60,28,,,
2017,spring,CSC429,A01,,,,63,36,,,
2017,spring,CSC429,A01,,,,63,36,,,
2017,spring,CSC429,A01,,,,63,36,,,
2017,spring,CSC460,A01,,,,10,5,,,
2017,spring,CSC460,A02,,,,15,13,,,
2017,spring,CSC460,A01,,,,10,5,,,
2017,spring,CSC460,A02,,,,15,13,,,
2017,spring,CSC460,A01,,,,10,5,,,
2017,spring,CSC460,A02,,,,15,13,,,
2017,spring,CSC466,A01,,,,50,19,,,
2017,spring,CSC466,A01,,,,50,19,,,
2017,spring,CSC466,A01,,,,50,19,,,
2017,spring,CSC467,A01,,,,40,28,,,
2017,spring,CSC467,A01,,,,40,28,,,
2017,spring,CSC467,A01,,,,40,28,,,
2017,spring,CSC472,A01,,,,28,11,,,
2017,spring,CSC472,A01,,,,28,11,,,
2017,spring,CSC472,A01,,,,28,11,,,
2017,spring,CSC475,A01,,,,45,34,,,
2017,spring,CSC475,A01,,,,45,34,,,
2017,spring,CSC475,A01,,,,45,34,,,
2017,spring,CSC529,A01,,,,25,9,,,
2017,spring,CSC529,A02,,,,10,0,,,
2017,spring,CSC529,A01,,,,25,9,,,
2017,spring,CSC529,A02,,,,10,0,,,
2017,spring,CSC529,A01,,,,25,9,,,
2017,spring,CSC529,A02,,,,10,0,,,
2017,spring,CSC552,A01,,,,15,2,,,
2017,spring,CSC552,A01,,,,15,2,,,
2017,spring,CSC552,A01,,,,15,2,,,
2017,spring,CSC560,A01,,,,10,1,,,
2017,spring,CSC560,A01,,,,10,1,,,
2017,spring,CSC560,A01,,,,10,1,,,
2017,spring,CSC567,A01,,,,33,14,,,
2017,spring,CSC567,A02,,,,7,4,,,
2017,spring,CSC567,A01,,,,33,14,,,
2017,spring,CSC567,A02,,,,7,4,,,
2017,spring,CSC567,A01,,,,33,14,,,
2017,spring,CSC567,A02,,,,7,4,,,
2017,spring,CSC575,A01,,,,20,10,,,
2017,spring,CSC575,A01,,,,20,10,,,
2017,spring,CSC575,A01,,,,20,10,,,
2017,spring,CSC579,A01,,,,20,4,,,
2017,spring,CSC579,A02,,,,10,1,,,
2017,spring,CSC579,A01,,,,20,4,,,
2017,spring,CSC579,A02,,,,10,1,,,
2017,spring,CSC579,A01,,,,20,4,,,
2017,spring,CSC579,A02,,,,10,1,,,
2017,spring,CSC595,A01,,,,28,32,,,
2017,spring,CSC595,A01,,,,28,32,,,
2017,spring,CSC595,A01,,,,28,32,,,
2017,spring,CSC597,A01,,,,100,7,,,
2017,spring,CSC597,A02,,,,100,0,,,
2017,spring,CSC597,A01,,,,100,7,,,
2017,spring,CSC597,A02,,,,100,0,,,
2017,spring,CSC597,A01,,,,100,7,,,
2017,spring,CSC597,A02,,,,100,0,,,
2017,spring,CSC598,A01,,,,100,10,,,
2017,spring,CSC598,A02,,,,100,2,,,
2017,spring,CSC598,A01,,,,100,10,,,
2017,spring,CSC598,A02,,,,100,2,,,
2017,spring,CSC598,A01,,,,100,10,,,
2017,spring,CSC598,A02,,,,100,2,,,
2017,spring,CSC599,A01,,,,100,32,,,
2017,spring,CSC599,A02,,,,100,1,,,
2017,spring,CSC599,A01,,,,100,32,,,
2017,spring,CSC599,A02,,,,100,1,,,
2017,spring,CSC599,A01,,,,100,32,,,
2017,spring,CSC599,A02,,,,100,1,,,
2017,spring,CSC693,A01,,,,100,21,,,
2017,spring,CSC693,A02,,,,100,0,,,
2017,spring,CSC693,A01,,,,100,21,,,
2017,spring,CSC693,A02,,,,100,0,,,
2017,spring,CSC693,A01,,,,100,21,,,
2017,spring,CSC693,A02,,,,100,0,,,
2017,spring,CSC699,A01,,,,100,23,,,
2017,spring,CSC699,A02,,,,100,2,,,
2017,spring,CSC699,A01,,,,100,23,,,
2017,spring,CSC699,A02,,,,100,2,,,
2017,spring,CSC699,A01,,,,100,23,,,
2017,spring,CSC699,A02,,,,100,2,,,
2017,spring,SENG265,A01,,,,153,140,,,
2017,spring,SENG265,A02,,,,15,15,,,
2017,spring,SENG265,A01,,,,153,140,,,
2017,spring,SENG265,A02,,,,15,15,,,
2017,spring,SENG265,A01,,,,153,140,,,
2017,spring,SENG265,A02,,,,15,15,,,
2017,spring,SENG310,A01,,,,140,129,,,
2017,spring,SENG310,A01,,,,140,129,,,
2017,spring,SENG310,A01,,,,140,129,,,
2017,spring,SENG321,A01,,,,10,13,,,
2017,spring,SENG321,A02,,,,51,53,,,
2017,spring,SENG321,A01,,,,10,13,,,
2017,spring,SENG321,A02,,,,51,53,,,
2017,spring,SENG321,A01,,,,10,13,,,
2017,spring,SENG321,A02,,,,51,53,,,
2017,spring,SENG371,A01,,,,5,5,,,
2017,spring,SENG371,A02,,,,58,55,,,
2017,spring,SENG371,A01,,,,5,5,,,
2017,spring,SENG371,A02,,,,58,55,,,
2017,spring,SENG371,A01,,,,5,5,,,
2017,spring,SENG371,A02,,,,58,55,,,
2017,spring,SENG401,A01,,,,40,33,,,
2017,spring,SENG401,A02,,,,30,29,,,
2017,spring,SENG401,A01,,,,40,33,,,
2017,spring,SENG401,A02,,,,30,29,,,
2017,spring,SENG401,A01,,,,40,33,,,
2017,spring,SENG401,A02,,,,30,29,,,
2017,spring,SENG460,A01,,,,20,13,,,
2017,spring,SENG460,A02,,,,40,37,,,
2017,spring,SENG460,A01,,,,20,13,,,
2017,spring,SENG460,A02,,,,40,37,,,
2017,spring,SENG460,A01,,,,20,13,,,
2017,spring,SENG460,A02,,,,40,37,,,
2017,spring,SENG462,A01,,,,18,7,,,
2017,spring,SENG462,A02,,,,4,2,,,
2017,spring,SENG462,A01,,,,18,7,,,
2017,spring,SENG462,A02,,,,4,2,,,
2017,spring,SENG462,A01,,,,18,7,,,
2017,spring,SENG462,A02,,,,4,2,,,
2017,spring,SENG474,A01,,,,90,79,,,
2017,spring,SENG474,A01,,,,90,79,,,
2017,spring,SENG474,A01,,,,90,79,,,
2017,summer,CSC106,A01,,,,56,46,,,
2017,summer,CSC106,A01,,,,56,46,,,
2017,summer,CSC110,A01,,,,80,48,,,
2017,summer,CSC110,A01,,,,80,48,,,
2017,summer,CSC115,A01,,,,168,75,,,
2017,summer,CSC115,A01,,,,168,75,,,
2017,summer,CSC225,A01,,,,90,76,,,
2017,summer,CSC225,A02,,,,22,23,,,
2017,summer,CSC225,A01,,,,90,76,,,
2017,summer,CSC225,A02,,,,22,23,,,
2017,summer,CSC226,A01,,,,70,50,,,
2017,summer,CSC226,A02,,,,40,18,,,
2017,summer,CSC226,A01,,,,70,50,,,
2017,summer,CSC226,A02,,,,40,18,,,
2017,summer,CSC230,A01,,,,90,73,,,
2017,summer,CSC230,A01,,,,90,73,,,
2017,summer,CSC305,A01,,,,64,23,,,
2017,summer,CSC305,A01,,,,64,23,,,
2017,summer,CSC320,A01,,,,95,55,,,
2017,summer,CSC320,A01,,,,95,55,,,
2017,summer,CSC360,A01,,,,68,47,,,
2017,summer,CSC360,A01,,,,68,47,,,
2017,summer,CSC370,A01,,,,70,58,,,
2017,summer,CSC370,A01,,,,70,58,,,
2017,summer,CSC422,A01,,,,45,23,,,
2017,summer,CSC422,A01,,,,45,23,,,
2017,summer,CSC522,A01,,,,13,0,,,
2017,summer,CSC522,A01,,,,13,0,,,
2017,summer,CSC571,A01,,,,30,25,,,
2017,summer,CSC571,A02,,,,20,2,,,
2017,summer,CSC571,A01,,,,30,25,,,
2017,summer,CSC571,A02,,,,20,2,,,
2017,summer,CSC581A,A01,,,,15,8,,,
2017,summer,CSC581A,A02,,,,10,0,,,
2017,summer,CSC581A,A01,,,,15,8,,,
2017,summer,CSC581A,A02,,,,10,0,,,
2017,summer,CSC597,A01,,,,100,7,,,
2017,summer,CSC597,A02,,,,100,0,,,
2017,summer,CSC597,A01,,,,100,7,,,
2017,summer,CSC597,A02,,,,100,0,,,
2017,summer,CSC598,A01,,,,100,9,,,
2017,summer,CSC598,A02,,,,100,1,,,
2017,summer,CSC598,A01,,,,100,9,,,
2017,summer,CSC598,A02,,,,100,1,,,
2017,summer,CSC599,A01,,,,100,29,,,
2017,summer,CSC599,A02,,,,100,2,,,
2017,summer,CSC599,A01,,,,100,29,,,
2017,summer,CSC599,A02,,,,100,2,,,
2017,summer,CSC693,A01,,,,100,20,,,
2017,summer,CSC693,A02,,,,100,0,,,
2017,summer,CSC693,A01,,,,100,20,,,
2017,summer,CSC693,A02,,,,100,0,,,
2017,summer,CSC699,A01,,,,100,20,,,
2017,summer,CSC699,A02,,,,100,0,,,
2017,summer,CSC699,A01,,,,100,20,,,
2017,summer,CSC699,A02,,,,100,0,,,
2017,summer,SENG265,A01,,,,100,64,,,
2017,summer,SENG265,A01,,,,100,64,,,
2017,summer,SENG299,A01,,,,28,24,,,
2017,summer,SENG299,A02,,,,60,57,,,
2017,summer,SENG299,A01,,,,28,24,,,
2017,summer,SENG299,A02,,,,60,57,,,
2017,summer,SENG310,A01,,,,70,59,,,
2017,summer,SENG310,A02,,,,40,36,,,
2017,summer,SENG310,A01,,,,70,59,,,
2017,summer,SENG310,A02,,,,40,36,,,
2017,summer,SENG426,A01,,,,50,46,,,
2017,summer,SENG426,A02,,,,8,9,,,
2017,summer,SENG426,A01,,,,50,46,,,
2017,summer,SENG426,A02,,,,8,9,,,
2017,summer,SENG440,A01,,,,58,47,,,
2017,summer,SENG440,A02,,,,16,3,,,
2017,summer,SENG440,A01,,,,58,47,,,
2017,summer,SENG440,A02,,,,16,3,,,
2017,summer,SENG499,A01,,,,45,38,,,
2017,summer,SENG499,A01,,,,45,38,,,
2018,fall,SENG265,A01,,,,160,148,,,
2018,fall,SENG265,A02,,,,54,50,,,
2018,fall,SENG321,A01,,,,65,58,,,
2018,fall,SENG330,A01,,,,80,63,,,
2018,fall,SENG350,A01,,,,68,25,,,
2018,fall,SENG360,A01,,,,70,70,,,
2018,fall,SENG360,A02,,,,52,51,,,
2018,fall,SENG474,A01,,,,100,99,,,
2019,spring,CSC105,A01,,,,150,130,,,
2019,spring,CSC105,A02,,,,115,92,,,
2019,spring,CSC106,A01,,,,80,50,,,
2019,spring,CSC106,A02,,,,140,100,,,
2019,spring,CSC110,A01,,,,15,13,,,
2019,spring,CSC110,A02,,,,164,152,,,
2019,spring,CSC111,A01,,,,70,44,,,
2019,spring,CSC111,A02,,,,40,22,,,
2019,spring,CSC115,A01,,,,130,124,,,
2019,spring,CSC115,A02,,,,100,86,,,
2019,spring,CSC115,A03,,,,120,107,,,
2019,spring,CSC115,A04,,,,95,40,,,
2019,spring,CSC225,A01,,,,200,142,,,
2019,spring,CSC226,A01,,,,179,166,,,
2019,spring,CSC226,A02,,,,21,21,,,
2019,spring,CSC230,A01,,,,153,140,,,
2019,spring,CSC305,A01,,,,110,80,,,
2019,spring,CSC320,A01,,,,180,106,,,
2019,spring,CSC322,A01,,,,79,71,,,
2019,spring,CSC349A,A01,,,,100,81,,,
2019,spring,CSC349A,A02,,,,250,207,,,
2019,spring,CSC350,A01,,,,87,68,,,
2019,spring,CSC355,A01,,,,85,79,,,
2019,spring,CSC355,A02,,,,25,24,,,
2019,spring,CSC360,A01,,,,145,138,,,
2019,spring,CSC360,A02,,,,30,27,,,
2019,spring,CSC361,A01,,,,150,138,,,
2019,spring,CSC370,A01,,,,150,146,,,
2019,spring,CSC429,A01,,,,58,26,,,
2019,spring,CSC460,A01,,,,11,9,,,
2019,spring,CSC460,A02,,,,15,14,,,
2019,spring,CSC467,A01,,,,70,63,,,
2019,spring,CSC511,A01,,,,15,11,,,
2019,spring,CSC529,A01,,,,10,3,,,
2019,spring,CSC529,A02,,,,10,0,,,
2019,spring,CSC560,A01,,,,5,1,,,
2019,spring,CSC567,A01,,,,5,2,,,
2019,spring,CSC567,A02,,,,16,13,,,
2019,spring,CSC595,A01,,,,37,32,,,
2019,spring,CSC597,A01,,,,100,9,,,
2019,spring,CSC597,A02,,,,100,0,,,
2019,spring,CSC598,A01,,,,100,6,,,
2019,spring,CSC598,A02,,,,100,0,,,
2019,spring,CSC599,A01,,,,100,33,,,
2019,spring,CSC599,A02,,,,100,0,,,
2019,spring,CSC693,A01,,,,100,20,,,
2019,spring,CSC693,A02,,,,100,1,,,
2019,spring,CSC699,A01,,,,100,17,,,
2019,spring,CSC699,A02,,,,100,1,,,
2019,spring,ECE300,A01,,,,151,114,,,
2019,spring,ECE310,A01,,,,151,136,,,
2019,spring,ECE310,A02,,,,11,9,,,
2019,spring,ECE320,A01,,,,151,118,,,
2019,spring,ECE330,A01,,,,148,106,,,
2019,spring,ECE340,A01,,,,151,107,,,
2019,spring,ECE360,A01,,,,90,58,,,
2019,spring,ECE420,A01,,,,24,10,,,
2019,spring,ECE435,A01,,,,30,16,,,
2019,spring,ECE441,A01,,,,40,24,,,
2019,spring,ECE449,A01,,,,34,4,,,
2019,spring,ECE453,A01,,,,25,12,,,
2019,spring,ECE455,A01,,,,60,48,,,
2019,spring,ECE457,A01,,,,35,6,,,
2019,spring,ECE458,A01,,,,100,83,,,
2019,spring,ECE459,A01,,,,44,34,,,
2019,spring,ECE460,A01,,,,65,61,,,
2019,spring,ECE471,A01,,,,35,16,,,
2019,spring,ECE482,A01,,,,80,75,,,
2019,spring,ECE483,A01,,,,24,10,,,
2019,spring,ECE485,A01,,,,40,21,,,
2019,spring,ECE488,A01,,,,60,60,,,
2019,spring,ECE509,A01,,,,200,75,,,
2019,spring,ECE509,A02,,,,50,4,,,
2019,spring,ECE522,A01,,,,15,7,,,
2019,spring,ECE522,A02,,,,5,0,,,
2019,spring,ECE534,A01,,,,16,11,,,
2019,spring,ECE535,A01,,,,12,5,,,
2019,spring,ECE535,A02,,,,10,0,,,
2019,spring,ECE536,A01,,,,25,0,,,
2019,spring,ECE543,A01,,,,20,2,,,
2019,spring,ECE545,A01,,,,10,4,,,
2019,spring,ECE553,A01,,,,15,4,,,
2019,spring,ECE567,A01,,,,30,9,,,
2019,spring,ECE567,A02,,,,30,19,,,
2019,spring,ECE573,A01,,,,42,20,,,
2019,spring,ECE574,A01,,,,12,5,,,
2019,spring,ECE574,A02,,,,22,19,,,
2019,spring,ECE583,A01,,,,10,1,,,
2019,spring,ECE591,A01,,,,30,19,,,
2019,spring,ECE598,A01,,,,100,25,,,
2019,spring,ECE598,A02,,,,50,3,,,
2019,spring,ECE599,A01,,,,100,49,,,
2019,spring,ECE599,A02,,,,50,2,,,
2019,spring,ECE609,A01,,,,100,67,,,
2019,spring,ECE609,A02,,,,50,3,,,
2019,spring,ECE693,A01,,,,100,42,,,
2019,spring,ECE693,A02,,,,50,3,,,
2019,spring,ECE699,A01,,,,100,67,,,
2019,spring,ECE699,A02,,,,50,3,,,
2019,spring,SENG265,A01,,,,133,122,,,
2019,spring,SENG265,A02,,,,20,19,,,
2019,spring,SENG310,A01,,,,150,122,,,
2019,spring,SENG321,A01,,,,15,13,,,
2019,spring,SENG321,A02,,,,50,49,,,
2019,spring,SENG371,A01,,,,10,4,,,
2019,spring,SENG371,A02,,,,60,54,,,
2019,spring,SENG401,A01,,,,45,37,,,
2019,spring,SENG401,A02,,,,35,28,,,
2019,spring,SENG460,A01,,,,46,38,,,
2019,spring,SENG460,A02,,,,40,34,,,
2019,spring,SENG468,A01,,,,28,21,,,
2019,spring,SENG468,A02,,,,38,20,,,
2019,spring,SENG474,A01,,,,115,71,,,
2019,summer,CSC106,A01,,,,20,15,,,
2019,summer,CSC106,A02,,,,54,49,,,
2019,summer,CSC110,A01,,,,20,9,,,
2019,summer,CSC110,A02,,,,80,57,,,
2019,summer,CSC115,A01,,,,15,9,,,
2019,summer,CSC115,A02,,,,100,77,,,
2019,summer,CSC225,A01,,,,50,20,,,
2019,summer,CSC225,A02,,,,40,20,,,
2019,summer,CSC225,A03,,,,55,23,,,
2019,summer,CSC226,A01,,,,50,37,,,
2019,summer,CSC226,A02,,,,70,54,,,
2019,summer,CSC230,A01,,,,60,19,,,
2019,summer,CSC230,A02,,,,55,34,,,
2019,summer,CSC320,A01,,,,90,84,,,
2019,summer,CSC320,A02,,,,46,39,,,
2019,summer,CSC370,A01,,,,60,58,,,
2019,summer,CSC370,A02,,,,20,20,,,
2019,summer,CSC426,A01,,,,48,33,,,
2019,summer,CSC462,A01,,,,55,40,,,
2019,summer,CSC526,A01,,,,12,7,,,
2019,summer,CSC562,A01,,,,19,15,,,
2019,summer,CSC597,A01,,,,50,5,,,
2019,summer,CSC597,A02,,,,50,1,,,
2019,summer,CSC598,A01,,,,50,7,,,
2019,summer,CSC598,A02,,,,50,0,,,
2019,summer,CSC599,A01,,,,50,36,,,
2019,summer,CSC599,A02,,,,50,0,,,
2019,summer,CSC693,A01,,,,50,14,,,
2019,summer,CSC693,A02,,,,50,1,,,
2019,summer,CSC699,A01,,,,50,17,,,
2019,summer,CSC699,A02,,,,50,2,,,
2019,summer,ECE216,A01,,,,118,108,,,
2019,summer,ECE216,A02,,,,2,1,,,
2019,summer,ECE220,A01,,,,90,74,,,
2019,summer,ECE242,A01,,,,25,9,,,
2019,summer,ECE250,A01,,,,140,97,,,
2019,summer,ECE260,A01,,,,120,105,,,
2019,summer,ECE260,A02,,,,10,6,,,
2019,summer,ECE299,A01,,,,90,62,,,
2019,summer,ECE310,A01,,,,80,33,,,
2019,summer,ECE310,A02,,,,15,0,,,
2019,summer,ECE403,A01,,,,80,75,,,
2019,summer,ECE404,A01,,,,60,21,,,
2019,summer,ECE410,A01,,,,70,58,,,
2019,summer,ECE412,A01,,,,42,23,,,
2019,summer,ECE417,A01,,,,22,2,,,
2019,summer,ECE434,A01,,,,25,16,,,
2019,summer,ECE450,A01,,,,35,15,,,
2019,summer,ECE452,A01,,,,35,14,,,
2019,summer,ECE456,A01,,,,60,43,,,
2019,summer,ECE466,A01,,,,50,35,,,
2019,summer,ECE470,A01,,,,75,57,,,
2019,summer,ECE470,A02,,,,6,5,,,
2019,summer,ECE499,A01,,,,128,124,,,
2019,summer,ECE503,A01,,,,32,28,,,
2019,summer,ECE509,A01,,,,200,64,,,
2019,summer,ECE509,A02,,,,200,2,,,
2019,summer,ECE512,A01,,,,12,10,,,
2019,summer,ECE512,A02,,,,12,3,,,
2019,summer,ECE517,A01,,,,14,2,,,
2019,summer,ECE547,A01,,,,10,4,,,
2019,summer,ECE568,A01,,,,15,1,,,
2019,summer,ECE570,A01,,,,25,7,,,
2019,summer,ECE570,A02,,,,22,19,,,
2019,summer,ECE572,A01,,,,25,2,,,
2019,summer,ECE572,A02,,,,22,18,,,
2019,summer,ECE592B,A01,,,,22,19,,,
2019,summer,ECE597,A01,,,,22,19,,,
2019,summer,ECE598,A01,,,,150,22,,,
2019,summer,ECE598,A02,,,,50,3,,,
2019,summer,ECE599,A01,,,,150,42,,,
2019,summer,ECE599,A02,,,,50,0,,,
2019,summer,ECE609,A01,,,,150,61,,,
2019,summer,ECE609,A02,,,,50,5,,,
2019,summer,ECE693,A01,,,,100,46,,,
2019,summer,ECE693,A02,,,,50,1,,,
2019,summer,ECE699,A01,,,,100,61,,,
2019,summer,ECE699,A02,,,,50,5,,,
2019,fall,SENG265,A01,,,,110,100,,,
2019,fall,SENG265,A02,,,,50,50,,,
2019,fall,SENG265,A03,,,,55,49,,,
2019,fall,SENG275,A01,,,,25,27,,,
2019,fall,SENG275,A02,,,,38,41,,,
2019,fall,SENG321,A01,,,,30,32,,,
2019,fall,SENG321,A02,,,,20,22,,,
2019,fall,SENG350,A01,,,,73,52,,,
2019,fall,SENG350,A02,,,,20,1,,,
2019,fall,SENG360,A01,,,,52,49,,,
2019,fall,SENG360,A02,,,,56,56,,,
2019,fall,SENG360,A03,,,,7,7,,,
2019,fall,SENG474,A01,,,,100,85,,,
2019,fall,SENG474,A02,,,,50,50,,,
2020,summer,CSC110,A01,,,,5,6,,,
2020,summer,CSC110,A02,,,,100,85,,,
2020,summer,CSC115,A01,,,,40,38,,,
2020,summer,CSC115,A02,,,,100,94,,,
2020,summer,CSC225,A01,,,,68,61,,,
2020,summer,CSC225,A02,,,,27,26,,,
2020,summer,CSC225,A03,,,,18,19,,,
2020,summer,CSC226,A01,,,,93,83,,,
2020,summer,CSC226,A02,,,,57,52,,,
2020,summer,CSC230,A01,,,,50,46,,,
2020,summer,CSC230,A02,,,,35,31,,,
2020,summer,CSC320,A01,,,,90,53,,,
2020,summer,CSC320,A02,,,,50,36,,,
2020,summer,CSC355,A01,,,,20,14,,,
2020,summer,CSC355,A02,,,,55,42,,,
2020,summer,CSC360,A01,,,,50,44,,,
2020,summer,CSC360,A02,,,,20,20,,,
2020,summer,CSC370,A01,,,,70,56,,,
2020,summer,CSC370,A02,,,,45,44,,,
2020,summer,CSC462,A01,,,,59,32,,,
2020,summer,CSC462,A02,,,,27,18,,,
2020,summer,CSC503,A01,,,,5,5,,,
2020,summer,CSC503,A02,,,,15,15,,,
2020,summer,CSC562,A01,,,,8,4,,,
2020,summer,CSC597,A01,,,,100,3,,,
2020,summer,CSC597,A02,,,,100,0,,,
2020,summer,CSC598,A01,,,,100,9,,,
2020,summer,CSC598,A02,,,,100,0,,,
2020,summer,CSC599,A01,,,,100,37,,,
2020,summer,CSC599,A02,,,,100,1,,,
2020,summer,CSC693,A01,,,,100,23,,,
2020,summer,CSC693,A02,,,,100,0,,,
2020,summer,CSC699,A01,,,,100,15,,,
2020,summer,CSC699,A02,,,,100,0,,,
2020,summer,ECE216,A01,,,,250,155,,,
2020,summer,ECE220,A01,,,,90,62,,,
2020,summer,ECE242,A01,,,,25,9,,,
2020,summer,ECE250,A01,,,,60,54,,,
2020,summer,ECE260,A01,,,,114,88,,,
2020,summer,ECE260,A02,,,,10,7,,,
2020,summer,ECE299,A01,,,,90,56,,,
2020,summer,ECE310,A01,,,,68,33,,,
2020,summer,ECE310,A02,,,,10,2,,,
2020,summer,ECE403,A01,,,,102,75,,,
2020,summer,ECE404,A01,,,,64,50,,,
2020,summer,ECE410,A01,,,,60,42,,,
2020,summer,ECE448,A01,,,,78,61,,,
2020,summer,ECE450,A01,,,,40,11,,,
2020,summer,ECE456,A01,,,,60,38,,,
2020,summer,ECE466,A01,,,,74,47,,,
2020,summer,ECE470,A01,,,,82,52,,,
2020,summer,ECE470,A02,,,,20,5,,,
2020,summer,ECE481,A01,,,,32,9,,,
2020,summer,ECE499,A01,,,,120,115,,,
2020,summer,ECE503,A01,,,,40,26,,,
2020,summer,ECE503,A02,,,,4,1,,,
2020,summer,ECE509,A01,,,,200,74,,,
2020,summer,ECE509,A02,,,,50,4,,,
2020,summer,ECE512,A01,,,,12,1,,,
2020,summer,ECE512,A02,,,,20,0,,,
2020,summer,ECE537,A01,,,,25,3,,,
2020,summer,ECE537,A02,,,,25,16,,,
2020,summer,ECE548,A01,,,,36,5,,,
2020,summer,ECE548,A02,,,,32,7,,,
2020,summer,ECE568,A01,,,,12,1,,,
2020,summer,ECE570,A01,,,,25,20,,,
2020,summer,ECE570,A02,,,,32,30,,,
2020,summer,ECE572,A01,,,,25,16,,,
2020,summer,ECE572,A02,,,,32,31,,,
2020,summer,ECE581,A01,,,,35,2,,,
2020,summer,ECE590,A02,,,,2,2,,,
2020,summer,ECE592B,A01,,,,54,47,,,
2020,summer,ECE597,A01,,,,50,31,,,
2020,summer,ECE598,A01,,,,150,43,,,
2020,summer,ECE598,A02,,,,50,1,,,
2020,summer,ECE599,A01,,,,150,32,,,
2020,summer,ECE599,A02,,,,50,3,,,
2020,summer,ECE609,A01,,,,150,68,,,
2020,summer,ECE609,A02,,,,50,4,,,
2020,summer,ECE693,A01,,,,100,45,,,
2020,summer,ECE693,A02,,,,50,1,,,
2020,summer,ECE699,A01,,,,100,66,,,
2020,summer,ECE699,A02,,,,50,5,,,
2020,fall,CSC100,A01,,,,250,230,,,
2020,fall,CSC100,A02,,,,200,153,,,
2020,fall,CSC106,A01,,,,80,67,,,
2020,fall,CSC106,A02,,,,95,79,,,
2020,fall,CSC110,A01,,,,50,61,,,
2020,fall,CSC110,A02,,,,90,99,,,
2020,fall,CSC110,A03,,,,90,86,,,
2020,fall,CSC110,A04,,,,90,93,,,
2020,fall,CSC111,A01,,,,195,151,,,
2020,fall,CSC111,A02,,,,15,4,,,
2020,fall,CSC111,A03,,,,170,148,,,
2020,fall,CSC111,A04,,,,20,14,,,
2020,fall,CSC115,A01,,,,50,51,,,
2020,fall,CSC115,A02,,,,115,105,,,
2020,fall,CSC116,A01,,,,160,83,,,
2020,fall,CSC116,A02,,,,20,5,,,
2020,fall,CSC225,A01,,,,120,114,,,
2020,fall,CSC225,A02,,,,50,49,,,
2020,fall,CSC226,A01,,,,80,75,,,
2020,fall,CSC226,A02,,,,50,47,,,
2020,fall,CSC230,A01,,,,130,126,,,
2020,fall,CSC230,A02,,,,20,40,,,
2020,fall,CSC320,A01,,,,120,66,,,
2020,fall,CSC320,A02,,,,40,20,,,
2020,fall,CSC349A,A01,,,,125,112,,,
2020,fall,CSC349A,A02,,,,180,171,,,
2020,fall,CSC355,A01,,,,150,103,,,
2020,fall,CSC355,A02,,,,7,8,,,
2020,fall,CSC360,A01,,,,115,95,,,
2020,fall,CSC360,A02,,,,58,47,,,
2020,fall,CSC361,A01,,,,112,79,,,
2020,fall,CSC361,A02,,,,16,14,,,
2020,fall,CSC370,A01,,,,93,88,,,
2020,fall,CSC370,A02,,,,32,29,,,
2020,fall,CSC375,A01,,,,60,58,,,
2020,fall,CSC375,A02,,,,30,28,,,
2020,fall,CSC421,A01,,,,130,124,,,
2020,fall,CSC421,A02,,,,20,25,,,
2020,fall,CSC425,A01,,,,70,50,,,
2020,fall,CSC446,A01,,,,78,49,,,
2020,fall,CSC463,A01,,,,70,50,,,
2020,fall,CSC473,A01,,,,30,14,,,
2020,fall,CSC475,A01,,,,70,59,,,
2020,fall,CSC501,A01,,,,20,14,,,
2020,fall,CSC501,A02,,,,20,19,,,
2020,fall,CSC520,A01,,,,20,6,,,
2020,fall,CSC546,A01,,,,15,3,,,
2020,fall,CSC569,A01,,,,20,10,,,
2020,fall,CSC569,A02,,,,20,16,,,
2020,fall,CSC597,A01,,,,100,1,,,
2020,fall,CSC597,A02,,,,100,0,,,
2020,fall,CSC598,A01,,,,100,4,,,
2020,fall,CSC598,A02,,,,100,0,,,
2020,fall,CSC599,A01,,,,100,44,,,
2020,fall,CSC599,A02,,,,100,0,,,
2020,fall,CSC693,A01,,,,100,27,,,
2020,fall,CSC693,A02,,,,100,0,,,
2020,fall,CSC699,A01,,,,100,13,,,
2020,fall,CSC699,A02,,,,100,0,,,
2020,fall,SENG265,A01,,,,115,81,,,
2020,fall,SENG265,A02,,,,65,62,,,
2020,fall,SENG265,A03,,,,20,19,,,
2020,fall,SENG275,A02,,,,70,66,,,
2020,fall,SENG310,A01,,,,103,85,,,
2020,fall,SENG310,A02,,,,27,23,,,
2020,fall,SENG330,A01,,,,55,55,,,
2020,fall,SENG330,A02,,,,7,6,,,
2020,fall,SENG350,A01,,,,15,4,,,
2020,fall,SENG350,A02,,,,65,62,,,
2020,fall,SENG360,A01,,,,24,40,,,
2020,fall,SENG360,A02,,,,60,73,,,
2021,spring,ECE255,A01,,,,60,16,,,
2021,spring,ECE255,A01,,,,60,16,,,
2021,spring,ECE300,A01,,,,120,111,,,
2021,spring,ECE300,A01,,,,120,111,,,
2021,spring,ECE310,A01,,,,175,162,,,
2021,spring,ECE310,A02,,,,15,9,,,
2021,spring,ECE310,A01,,,,175,162,,,
2021,spring,ECE310,A02,,,,15,9,,,
2021,spring,ECE320,A01,,,,124,110,,,
2021,spring,ECE320,A01,,,,124,110,,,
2021,spring,ECE330,A01,,,,124,111,,,
2021,spring,ECE330,A01,,,,124,111,,,
2021,spring,ECE340,A01,,,,124,104,,,
2021,spring,ECE340,A01,,,,124,104,,,
2021,spring,ECE360,A01,,,,90,69,,,
2021,spring,ECE360,A01,,,,90,69,,,
2021,spring,ECE420,A01,,,,24,11,,,
2021,spring,ECE420,A01,,,,24,11,,,
2021,spring,ECE427,A01,,,,30,21,,,
2021,spring,ECE427,A01,,,,30,21,,,
2021,spring,ECE435,A01,,,,20,8,,,
2021,spring,ECE435,A01,,,,20,8,,,
2021,spring,ECE449,A01,,,,24,7,,,
2021,spring,ECE449,A01,,,,24,7,,,
2021,spring,ECE453,A01,,,,30,21,,,
2021,spring,ECE453,A01,,,,30,21,,,
2021,spring,ECE455,A01,,,,110,88,,,
2021,spring,ECE455,A01,,,,110,88,,,
2021,spring,ECE457,A01,,,,30,4,,,
2021,spring,ECE457,A01,,,,30,4,,,
2021,spring,ECE458,A01,,,,100,87,,,
2021,spring,ECE458,A01,,,,100,87,,,
2021,spring,ECE459,A01,,,,45,39,,,
2021,spring,ECE459,A01,,,,45,39,,,
2021,spring,ECE460,A01,,,,65,33,,,
2021,spring,ECE460,A01,,,,65,33,,,
2021,spring,ECE471,A01,,,,52,37,,,
2021,spring,ECE471,A01,,,,52,37,,,
2021,spring,ECE482,A01,,,,74,40,,,
2021,spring,ECE482,A01,,,,74,40,,,
2021,spring,ECE483,A01,,,,24,15,,,
2021,spring,ECE483,A01,,,,24,15,,,
2021,spring,ECE485,A01,,,,65,41,,,
2021,spring,ECE485,A01,,,,65,41,,,
2021,spring,ECE488,A01,,,,76,59,,,
2021,spring,ECE488,A01,,,,76,59,,,
2021,spring,ECE499,A01,,,,32,31,,,
2021,spring,ECE499,A01,,,,32,31,,,
2021,spring,ECE509,A01,,,,200,84,,,
2021,spring,ECE509,A02,,,,50,4,,,
2021,spring,ECE509,A01,,,,200,84,,,
2021,spring,ECE509,A02,,,,50,4,,,
2021,spring,ECE515,A01,,,,21,8,,,
2021,spring,ECE515,A02,,,,22,13,,,
2021,spring,ECE515,A01,,,,21,8,,,
2021,spring,ECE515,A02,,,,22,13,,,
2021,spring,ECE522,A01,,,,15,1,,,
2021,spring,ECE522,A02,,,,15,0,,,
2021,spring,ECE522,A01,,,,15,1,,,
2021,spring,ECE522,A02,,,,15,0,,,
2021,spring,ECE525,A01,,,,30,7,,,
2021,spring,ECE525,A01,,,,30,7,,,
2021,spring,ECE527,A01,,,,10,6,,,
2021,spring,ECE527,A01,,,,10,6,,,
2021,spring,ECE534,A01,,,,20,6,,,
2021,spring,ECE534,A01,,,,20,6,,,
2021,spring,ECE535,A01,,,,15,2,,,
2021,spring,ECE535,A02,,,,35,7,,,
2021,spring,ECE535,A03,,,,40,28,,,
2021,spring,ECE535,A01,,,,15,2,,,
2021,spring,ECE535,A02,,,,35,7,,,
2021,spring,ECE535,A03,,,,40,28,,,
2021,spring,ECE536,A01,,,,25,15,,,
2021,spring,ECE536,A01,,,,25,15,,,
2021,spring,ECE545,A01,,,,10,5,,,
2021,spring,ECE545,A01,,,,10,5,,,
2021,spring,ECE553,A01,,,,30,4,,,
2021,spring,ECE553,A01,,,,30,4,,,
2021,spring,ECE567,A01,,,,15,5,,,
2021,spring,ECE567,A02,,,,35,23,,,
2021,spring,ECE567,A03,,,,38,22,,,
2021,spring,ECE567,A01,,,,15,5,,,
2021,spring,ECE567,A02,,,,35,23,,,
2021,spring,ECE567,A03,,,,38,22,,,
2021,spring,ECE573,A01,,,,30,11,,,
2021,spring,ECE573,A02,,,,30,3,,,
2021,spring,ECE573,A01,,,,30,11,,,
2021,spring,ECE573,A02,,,,30,3,,,
2021,spring,ECE574,A01,,,,28,17,,,
2021,spring,ECE574,A02,,,,38,30,,,
2021,spring,ECE574,A01,,,,28,17,,,
2021,spring,ECE574,A02,,,,38,30,,,
2021,spring,ECE583,A01,,,,10,0,,,
2021,spring,ECE583,A01,,,,10,0,,,
2021,spring,ECE591,A01,,,,50,29,,,
2021,spring,ECE591,A02,,,,24,26,,,
2021,spring,ECE591,A01,,,,50,29,,,
2021,spring,ECE591,A02,,,,24,26,,,
2021,spring,ECE592A,A01,,,,40,8,,,
2021,spring,ECE592A,A02,,,,30,30,,,
2021,spring,ECE592A,A01,,,,40,8,,,
2021,spring,ECE592A,A02,,,,30,30,,,
2021,spring,ECE598,A01,,,,100,39,,,
2021,spring,ECE598,A02,,,,50,14,,,
2021,spring,ECE598,A01,,,,100,39,,,
2021,spring,ECE598,A02,,,,50,14,,,
2021,spring,ECE599,A01,,,,100,24,,,
2021,spring,ECE599,A02,,,,50,13,,,
2021,spring,ECE599,A01,,,,100,24,,,
2021,spring,ECE599,A02,,,,50,13,,,
2021,spring,ECE609,A01,,,,100,63,,,
2021,spring,ECE609,A02,,,,50,14,,,
2021,spring,ECE609,A01,,,,100,63,,,
2021,spring,ECE609,A02,,,,50,14,,,
2021,spring,ECE693,A01,,,,100,40,,,
2021,spring,ECE693,A02,,,,50,10,,,
2021,spring,ECE693,A01,,,,100,40,,,
2021,spring,ECE693,A02,,,,50,10,,,
2021,spring,ECE699,A01,,,,100,62,,,
2021,spring,ECE699,A02,,,,50,13,,,
2021,spring,ECE699,A01,,,,100,62,,,
2021,spring,ECE699,A02,,,,50,13,,,
2021,spring,SENG265,A01,,,,115,100,,,
2021,spring,SENG265,A02,,,,15,14,,,
2021,spring,SENG265,A03,,,,10,14,,,
2021,spring,SENG275,A01,,,,50,49,,,
2021,spring,SENG275,A02,,,,20,20,,,
2021,spring,SENG321,A01,,,,72,57,,,
2021,spring,SENG321,A02,,,,72,67,,,
2021,spring,SENG371,A01,,,,8,6,,,
2021,spring,SENG371,A02,,,,64,69,,,
2021,spring,SENG401,A01,,,,30,33,,,
2021,spring,SENG401,A02,,,,40,45,,,
2021,spring,SENG411,A01,,,,43,31,,,
2021,spring,SENG411,A02,,,,10,8,,,
2021,spring,SENG460,A01,,,,50,38,,,
2021,spring,SENG460,A02,,,,84,75,,,
2021,spring,SENG468,A01,,,,20,7,,,
2021,spring,SENG468,A02,,,,30,17,,,
2021,spring,SENG474,A01,,,,70,43,,,
2021,spring,SENG474,A02,,,,20,15,,,
2021,spring,SENG499,A01,,,,20,3,,,
2021,spring,CSC105,A01,,,,150,126,,,
2021,spring,CSC105,A02,,,,150,137,,,
2021,spring,CSC106,A01,,,,100,34,,,
2021,spring,CSC106,A02,,,,100,74,,,
2021,spring,CSC110,A01,,,,20,17,,,
2021,spring,CSC110,A02,,,,157,146,,,
2021,spring,CSC111,A01,,,,50,91,,,
2021,spring,CSC111,A02,,,,8,17,,,
2021,spring,CSC115,A01,,,,110,102,,,
2021,spring,CSC115,A02,,,,60,58,,,
2021,spring,CSC115,A03,,,,30,31,,,
2021,spring,CSC115,A04,,,,50,46,,,
2021,spring,CSC115,A05,,,,60,56,,,
2021,spring,CSC115,A06,,,,20,19,,,
2021,spring,CSC225,A01,,,,93,83,,,
2021,spring,CSC225,A02,,,,77,73,,,
2021,spring,CSC226,A01,,,,130,107,,,
2021,spring,CSC226,A02,,,,25,23,,,
2021,spring,CSC226,A03,,,,32,27,,,
2021,spring,CSC230,A01,,,,125,116,,,
2021,spring,CSC230,A02,,,,10,18,,,
2021,spring,CSC305,A01,,,,90,79,,,
2021,spring,CSC305,A02,,,,10,10,,,
2021,spring,CSC320,A01,,,,84,59,,,
2021,spring,CSC320,A02,,,,31,26,,,
2021,spring,CSC330,A01,,,,105,60,,,
2021,spring,CSC330,A02,,,,15,13,,,
2021,spring,CSC349A,A01,,,,65,80,,,
2021,spring,CSC349A,A02,,,,220,238,,,
2021,spring,CSC360,A01,,,,160,124,,,
2021,spring,CSC360,A02,,,,40,30,,,
2021,spring,CSC361,A01,,,,120,106,,,
2021,spring,CSC361,A02,,,,30,27,,,
2021,spring,CSC370,A01,,,,129,122,,,
2021,spring,CSC370,A02,,,,21,20,,,
2021,spring,CSC423,A01,,,,40,30,,,
2021,spring,CSC429,A01,,,,40,20,,,
2021,spring,CSC460,A01,,,,30,18,,,
2021,spring,CSC466,A01,,,,50,34,,,
2021,spring,CSC502,A01,,,,10,8,,,
2021,spring,CSC502,A02,,,,20,22,,,
2021,spring,CSC503,A01,,,,10,6,,,
2021,spring,CSC503,A02,,,,15,2,,,
2021,spring,CSC511,A01,,,,40,23,,,
2021,spring,CSC523,A01,,,,10,7,,,
2021,spring,CSC525,A01,,,,10,0,,,
2021,spring,CSC529,A01,,,,10,0,,,
2021,spring,CSC529,A02,,,,10,2,,,
2021,spring,CSC560,A01,,,,5,1,,,
2021,spring,CSC579,A01,,,,10,9,,,
2021,spring,CSC579,A02,,,,20,4,,,
2021,spring,CSC595,A01,,,,40,29,,,
2021,spring,CSC597,A01,,,,100,1,,,
2021,spring,CSC597,A02,,,,100,0,,,
2021,spring,CSC598,A01,,,,100,8,,,
2021,spring,CSC598,A02,,,,100,0,,,
2021,spring,CSC599,A01,,,,100,46,,,
2021,spring,CSC599,A02,,,,100,1,,,
2021,spring,CSC693,A01,,,,100,29,,,
2021,spring,CSC693,A02,,,,100,1,,,
2021,spring,CSC699,A01,,,,100,15,,,
2021,spring,CSC699,A02,,,,100,1,,,
2021,fall,ECE216,A01,,,,60,54,,,
2021,fall,ECE241,A01,,,,86,59,,,
2021,fall,ECE250,A01,,,,250,167,,,
2021,fall,ECE255,A01,,,,160,107,,,
2021,fall,ECE260,A01,,,,124,89,,,
2021,fall,ECE260,A02,,,,18,9,,,
2021,fall,ECE335,A01,,,,4,2,,,
2021,fall,ECE350,A01,,,,100,78,,,
2021,fall,ECE355,A01,,,,180,130,,,
2021,fall,ECE356,A01,,,,30,15,,,
2021,fall,ECE360,A01,,,,140,106,,,
2021,fall,ECE365,A01,,,,160,146,,,
2021,fall,ECE370,A01,,,,115,78,,,
2021,fall,ECE380,A01,,,,115,73,,,
2021,fall,ECE399,A01,,,,110,70,,,
2021,fall,ECE403,A01,,,,18,10,,,
2021,fall,ECE463,A01,,,,62,48,,,
2021,fall,ECE503,A01,,,,20,16,,,
2021,fall,ECE503,A02,,,,23,23,,,
2021,fall,ECE509,A01,,,,200,77,,,
2021,fall,ECE509,A02,,,,100,18,,,
2021,fall,ECE514,A01,,,,30,18,,,
2021,fall,ECE514,A02,,,,34,33,,,
2021,fall,ECE515,A01,,,,35,20,,,
2021,fall,ECE515,A02,,,,60,31,,,
2021,fall,ECE592A,A01,,,,60,20,,,
2021,fall,ECE598,A01,,,,100,46,,,
2021,fall,ECE598,A02,,,,100,12,,,
2021,fall,ECE599,A01,,,,100,34,,,
2021,fall,ECE599,A02,,,,100,3,,,
2021,fall,ECE609,A01,,,,100,66,,,
2021,fall,ECE609,A02,,,,100,12,,,
2021,fall,ECE693,A01,,,,100,46,,,
2021,fall,ECE693,A02,,,,50,9,,,
2021,fall,ECE699,A01,,,,100,66,,,
2021,fall,ECE699,A02,,,,50,13,,,
2021,fall,SENG265,A01,,,,198,175,,,
2021,fall,SENG265,A02,,,,62,58,,,
2021,fall,SENG310,A01,,,,104,90,,,
2021,fall,SENG310,A02,,,,21,18,,,
2022,spring,CSC105,A01,,,,150,132,,,
2022,spring,CSC106,A01,,,,20,20,,,
2022,spring,CSC106,A02,,,,120,104,,,
2022,spring,CSC110,A01,,,,30,24,,,
2022,spring,CSC110,A02,,,,145,134,,,
2022,spring,CSC111,A01,,,,100,95,,,
2022,spring,CSC111,A02,,,,25,24,,,
2022,spring,CSC115,A01,,,,115,113,,,
2022,spring,CSC115,A02,,,,65,60,,,
2022,spring,CSC115,A03,,,,15,19,,,
2022,spring,CSC115,A04,,,,55,52,,,
2022,spring,CSC115,A05,,,,65,55,,,
2022,spring,CSC115,A06,,,,20,20,,,
2022,spring,CSC130,A01,,,,30,29,,,
2022,spring,CSC130,A02,,,,80,75,,,
2022,spring,CSC225,A01,,,,95,74,,,
2022,spring,CSC225,A02,,,,39,36,,,
2022,spring,CSC226,A01,,,,168,152,,,
2022,spring,CSC226,A02,,,,22,20,,,
2022,spring,CSC230,A01,,,,120,101,,,
2022,spring,CSC230,A02,,,,15,19,,,
2022,spring,CSC305,A01,,,,115,97,,,
2022,spring,CSC305,A02,,,,10,9,,,
2022,spring,CSC320,A01,,,,174,148,,,
2022,spring,CSC320,A02,,,,31,29,,,
2022,spring,CSC330,A01,,,,115,68,,,
2022,spring,CSC330,A02,,,,10,8,,,
2022,spring,CSC349A,A01,,,,100,98,,,
2022,spring,CSC349A,A02,,,,225,177,,,
2022,spring,CSC360,A01,,,,140,100,,,
2022,spring,CSC360,A02,,,,21,12,,,
2022,spring,CSC361,A01,,,,130,95,,,
2022,spring,CSC361,A02,,,,20,18,,,
2022,spring,CSC370,A01,,,,135,122,,,
2022,spring,CSC370,A02,,,,25,24,,,
2022,spring,CSC421,A01,,,,60,39,,,
2022,spring,CSC421,A02,,,,12,8,,,
2022,spring,CSC423,A01,,,,55,36,,,
2022,spring,CSC423,A02,,,,10,6,,,
2022,spring,CSC460,A01,,,,20,8,,,
2022,spring,CSC466,A01,,,,35,25,,,
2022,spring,CSC466,A02,,,,10,9,,,
2022,spring,CSC475,A01,,,,51,47,,,
2022,spring,CSC475,A02,,,,10,9,,,
2022,spring,CSC502,A01,,,,25,1,,,
2022,spring,CSC502,A02,,,,20,15,,,
2022,spring,CSC503,A01,,,,28,3,,,
2022,spring,CSC503,A02,,,,12,2,,,
2022,spring,CSC523,A01,,,,10,6,,,
2022,spring,CSC560,A01,,,,10,0,,,
2022,spring,CSC575,A01,,,,14,4,,,
2022,spring,CSC579,A01,,,,14,11,,,
2022,spring,CSC595,A01,,,,55,50,,,
2022,spring,CSC597,A01,,,,100,3,,,
2022,spring,CSC597,A02,,,,100,0,,,
2022,spring,CSC598,A01,,,,100,6,,,
2022,spring,CSC598,A02,,,,100,4,,,
2022,spring,CSC599,A01,,,,100,58,,,
2022,spring,CSC599,A02,,,,100,7,,,
2022,spring,CSC693,A01,,,,100,25,,,
2022,spring,CSC693,A02,,,,100,1,,,
2022,spring,CSC699,A01,,,,100,10,,,
2022,spring,CSC699,A02,,,,100,6,,,
2022,spring,ECE300,A01,,,,120,94,,,
2022,spring,ECE310,A01,,,,165,119,,,
2022,spring,ECE310,A02,,,,15,4,,,
2022,spring,ECE320,A01,,,,120,83,,,
2022,spring,ECE330,A01,,,,120,98,,,
2022,spring,ECE340,A01,,,,120,94,,,
2022,spring,ECE360,A01,,,,80,46,,,
2022,spring,ECE402,A01,,,,15,3,,,
2022,spring,ECE405,A01,,,,22,6,,,
2022,spring,ECE420,A01,,,,24,10,,,
2022,spring,ECE426,A01,,,,36,21,,,
2022,spring,ECE427,A01,,,,24,18,,,
2022,spring,ECE434,A01,,,,18,6,,,
2022,spring,ECE453,A01,,,,30,23,,,
2022,spring,ECE455,A01,,,,96,87,,,
2022,spring,ECE458,A01,,,,110,95,,,
2022,spring,ECE459,A01,,,,38,18,,,
2022,spring,ECE460,A01,,,,65,30,,,
2022,spring,ECE471,A01,,,,52,42,,,
2022,spring,ECE482,A01,,,,74,25,,,
2022,spring,ECE485,A01,,,,41,20,,,
2022,spring,ECE488,A01,,,,74,34,,,
2022,spring,ECE509,A01,,,,200,76,,,
2022,spring,ECE509,A02,,,,100,16,,,
2022,spring,ECE511,A01,,,,20,1,,,
2022,spring,ECE511,A02,,,,16,5,,,
2022,spring,ECE522,A01,,,,15,4,,,
2022,spring,ECE522,A02,,,,15,1,,,
2022,spring,ECE526,A01,,,,24,3,,,
2022,spring,ECE527,A01,,,,15,3,,,
2022,spring,ECE534,A01,,,,20,5,,,
2022,spring,ECE535,A01,,,,19,6,,,
2022,spring,ECE535,A02,,,,26,16,,,
2022,spring,ECE536,A01,,,,24,13,,,
2022,spring,ECE545,A01,,,,18,6,,,
2022,spring,ECE567,A01,,,,30,14,,,
2022,spring,ECE567,A02,,,,30,19,,,
2022,spring,ECE573,A01,,,,30,11,,,
2022,spring,ECE573,A02,,,,18,3,,,
2022,spring,ECE574,A01,,,,21,19,,,
2022,spring,ECE574,A02,,,,19,20,,,
2022,spring,ECE591,A01,,,,60,34,,,
2022,spring,ECE592A,A01,,,,45,14,,,
2022,spring,ECE598,A01,,,,100,44,,,
2022,spring,ECE598,A02,,,,50,8,,,
2022,spring,ECE599,A01,,,,100,36,,,
2022,spring,ECE599,A02,,,,100,6,,,
2022,spring,ECE609,A01,,,,100,74,,,
2022,spring,ECE609,A02,,,,100,6,,,
2022,spring,ECE693,A01,,,,100,56,,,
2022,spring,ECE693,A02,,,,50,5,,,
2022,spring,ECE699,A01,,,,100,75,,,
2022,spring,ECE699,A02,,,,50,6,,,
2022,spring,SENG265,A01,,,,149,135,,,
2022,spring,SENG265,A02,,,,23,23,,,
2022,spring,SENG275,A01,,,,49,46,,,
2022,spring,SENG275,A02,,,,31,29,,,
2022,spring,SENG321,A01,,,,19,13,,,
2022,spring,SENG321,A02,,,,57,56,,,
2022,spring,SENG371,A01,,,,10,9,,,
2022,spring,SENG371,A02,,,,62,59,,,
2022,spring,SENG401,A01,,,,16,16,,,
2022,spring,SENG401,A02,,,,59,57,,,
2022,spring,SENG460,A01,,,,53,52,,,
2022,spring,SENG460,A02,,,,59,54,,,
2022,spring,SENG468,A01,,,,35,18,,,
2022,spring,SENG468,A02,,,,35,15,,,
2022,spring,SENG474,A01,,,,35,20,,,
2022,spring,SENG474,A02,,,,10,4,,,
2022,summer,CSC110,A01,,,,50,15,,,
2022,summer,CSC110,A02,,,,150,99,,,
2022,summer,CSC115,A01,,,,50,13,,,
2022,summer,CSC115,A02,,,,150,108,,,
2022,summer,CSC130,A01,,,,48,48,,,
2022,summer,CSC225,A01,,,,55,47,,,
2022,summer,CSC225,A02,,,,50,15,,,
2022,summer,CSC226,A01,,,,95,66,,,
2022,summer,CSC226,A02,,,,55,28,,,
2022,summer,CSC230,A01,,,,75,51,,,
2022,summer,CSC230,A02,,,,25,6,,,
2022,summer,CSC320,A01,,,,115,113,,,
2022,summer,CSC320,A02,,,,25,25,,,
2022,summer,CSC360,A01,,,,65,65,,,
2022,summer,CSC360,A02,,,,30,30,,,
2022,summer,CSC370,A01,,,,75,74,,,
2022,summer,CSC370,A02,,,,30,30,,,
2022,summer,CSC445,A01,,,,95,95,,,
2022,summer,CSC445,A02,,,,25,25,,,
2022,summer,CSC503,A01,,,,20,16,,,
2022,summer,CSC503,A02,,,,20,17,,,
2022,summer,CSC545,A01,,,,15,15,,,
2022,summer,CSC597,A01,,,,100,0,,,
2022,summer,CSC597,A02,,,,100,1,,,
2022,summer,CSC598,A01,,,,100,6,,,
2022,summer,CSC598,A02,,,,100,1,,,
2022,summer,CSC599,A01,,,,100,45,,,
2022,summer,CSC599,A02,,,,100,6,,,
2022,summer,CSC693,A01,,,,100,21,,,
2022,summer,CSC693,A02,,,,100,1,,,
2022,summer,CSC699,A01,,,,100,12,,,
2022,summer,CSC699,A02,,,,100,2,,,
2022,summer,ECE216,A01,,,,250,135,,,
2022,summer,ECE220,A01,,,,90,63,,,
2022,summer,ECE242,A01,,,,36,31,,,
2022,summer,ECE250,A01,,,,60,20,,,
2022,summer,ECE260,A01,,,,105,87,,,
2022,summer,ECE260,A02,,,,10,4,,,
2022,summer,ECE299,A01,,,,90,63,,,
2022,summer,ECE310,A01,,,,70,32,,,
2022,summer,ECE310,A02,,,,10,2,,,
2022,summer,ECE403,A01,,,,60,11,,,
2022,summer,ECE410,A01,,,,70,36,,,
2022,summer,ECE441,A01,,,,58,58,,,
2022,summer,ECE450,A01,,,,40,6,,,
2022,summer,ECE456,A01,,,,30,21,,,
2022,summer,ECE470,A01,,,,45,45,,,
2022,summer,ECE470,A02,,,,15,6,,,
2022,summer,ECE481,A01,,,,50,23,,,
2022,summer,ECE499,A01,,,,90,61,,,
2022,summer,ECE509,A01,,,,200,45,,,
2022,summer,ECE509,A02,,,,50,13,,,
2022,summer,ECE512,A01,,,,20,9,,,
2022,summer,ECE512,A02,,,,25,1,,,
2022,summer,ECE537,A01,,,,15,0,,,
2022,summer,ECE537,A02,,,,25,15,,,
2022,summer,ECE543,A01,,,,14,12,,,
2022,summer,ECE570,A01,,,,10,6,,,
2022,summer,ECE570,A02,,,,30,17,,,
2022,summer,ECE572,A01,,,,28,10,,,
2022,summer,ECE572,A02,,,,32,27,,,
2022,summer,ECE592B,A01,,,,50,33,,,
2022,summer,ECE597,A01,,,,65,17,,,
2022,summer,ECE598,A01,,,,150,20,,,
2022,summer,ECE598,A02,,,,50,12,,,
2022,summer,ECE599,A01,,,,150,25,,,
2022,summer,ECE599,A02,,,,50,5,,,
2022,summer,ECE609,A01,,,,150,48,,,
2022,summer,ECE609,A02,,,,50,10,,,
2022,summer,ECE693,A01,,,,100,36,,,
2022,summer,ECE693,A02,,,,50,4,,,
2022,summer,ECE699,A01,,,,100,47,,,
2022,summer,ECE699,A02,,,,50,6,,,
2022,summer,SENG265,A01,,,,90,66,,,
2022,summer,SENG265,A02,,,,35,9,,,
2022,summer,SENG275,A01,,,,45,37,,,
2022,summer,SENG310,A01,,,,73,73,,,
2022,summer,SENG310,A02,,,,52,52,,,
2022,summer,SENG426,A01,,,,74,74,,,
2022,summer,SENG426,A02,,,,15,8,,,
2022,summer,SENG440,A01,,,,90,90,,,
2022,summer,SENG440,A02,,,,20,16,,,
2022,summer,SENG474,A01,,,,65,63,,,
2022,summer,SENG474,A02,,,,20,20,,,
2022,summer,SENG475,A01,,,,28,28,,,
2022,summer,SENG475,A02,,,,12,12,,,
2022,summer,SENG499,A01,,,,84,83,,,
